underlying,expiration,right,strike,contractSymbol
TSLA,2026-01-02,C,465.0,TSLA260102C00465000
TSLA,2026-01-02,P,465.0,TSLA260102P00465000
TSLA,2026-01-02,C,445.0,TSLA260102C00445000
TSLA,2026-01-02,P,445.0,TSLA260102P00445000
TSLA,2026-01-02,C,490.0,TSLA260102C00490000
TSLA,2026-01-02,P,490.0,TSLA260102P00490000
TSLA,2026-01-02,C,420.0,TSLA260102C00420000
TSLA,2026-01-02,P,420.0,TSLA260102P00420000
TSLA,2026-01-02,C,515.0,TSLA260102C00515000
TSLA,2026-01-02,P,515.0,TSLA260102P00515000
TSLA,2026-01-02,C,375.0,TSLA260102C00375000
TSLA,2026-01-02,P,375.0,TSLA260102P00375000
TSLA,2026-01-02,C,560.0,TSLA260102C00560000
TSLA,2026-01-02,P,560.0,TSLA260102P00560000
TSLA,2026-01-16,C,465.0,TSLA260116C00465000
TSLA,2026-01-16,P,465.0,TSLA260116P00465000
TSLA,2026-01-16,C,445.0,TSLA260116C00445000
TSLA,2026-01-16,P,445.0,TSLA260116P00445000
TSLA,2026-01-16,C,490.0,TSLA260116C00490000
TSLA,2026-01-16,P,490.0,TSLA260116P00490000
TSLA,2026-01-16,C,420.0,TSLA260116C00420000
TSLA,2026-01-16,P,420.0,TSLA260116P00420000
TSLA,2026-01-16,C,515.0,TSLA260116C00515000
TSLA,2026-01-16,P,515.0,TSLA260116P00515000
TSLA,2026-01-16,C,375.0,TSLA260116C00375000
TSLA,2026-01-16,P,375.0,TSLA260116P00375000
TSLA,2026-01-16,C,560.0,TSLA260116C00560000
TSLA,2026-01-16,P,560.0,TSLA260116P00560000
TSLA,2026-02-20,C,465.0,TSLA260220C00465000
TSLA,2026-02-20,P,465.0,TSLA260220P00465000
TSLA,2026-02-20,C,445.0,TSLA260220C00445000
TSLA,2026-02-20,P,445.0,TSLA260220P00445000
TSLA,2026-02-20,C,490.0,TSLA260220C00490000
TSLA,2026-02-20,P,490.0,TSLA260220P00490000
TSLA,2026-02-20,C,420.0,TSLA260220C00420000
TSLA,2026-02-20,P,420.0,TSLA260220P00420000
TSLA,2026-02-20,C,515.0,TSLA260220C00515000
TSLA,2026-02-20,P,515.0,TSLA260220P00515000
TSLA,2026-02-20,C,375.0,TSLA260220C00375000
TSLA,2026-02-20,P,375.0,TSLA260220P00375000
TSLA,2026-02-20,C,560.0,TSLA260220C00560000
TSLA,2026-02-20,P,560.0,TSLA260220P00560000
TSLA,2026-04-17,C,465.0,TSLA260417C00465000
TSLA,2026-04-17,P,465.0,TSLA260417P00465000
TSLA,2026-04-17,C,445.0,TSLA260417C00445000
TSLA,2026-04-17,P,445.0,TSLA260417P00445000
TSLA,2026-04-17,C,490.0,TSLA260417C00490000
TSLA,2026-04-17,P,490.0,TSLA260417P00490000
TSLA,2026-04-17,C,420.0,TSLA260417C00420000
TSLA,2026-04-17,P,420.0,TSLA260417P00420000
TSLA,2026-04-17,C,515.0,TSLA260417C00515000
TSLA,2026-04-17,P,515.0,TSLA260417P00515000
TSLA,2026-04-17,C,375.0,TSLA260417C00375000
TSLA,2026-04-17,P,375.0,TSLA260417P00375000
TSLA,2026-04-17,C,560.0,TSLA260417C00560000
TSLA,2026-04-17,P,560.0,TSLA260417P00560000
TLT,2025-12-31,C,88.0,TLT251231C00088000
TLT,2025-12-31,P,88.0,TLT251231P00088000
TLT,2025-12-31,C,92.0,TLT251231C00092000
TLT,2025-12-31,P,92.0,TLT251231P00092000
TLT,2025-12-31,C,83.0,TLT251231C00083000
TLT,2025-12-31,P,83.0,TLT251231P00083000
TLT,2025-12-31,C,79.0,TLT251231C00079000
TLT,2025-12-31,P,79.0,TLT251231P00079000
TLT,2025-12-31,C,97.0,TLT251231C00097000
TLT,2025-12-31,P,97.0,TLT251231P00097000
TLT,2025-12-31,C,105.0,TLT251231C00105000
TLT,2025-12-31,P,105.0,TLT251231P00105000
TLT,2025-12-31,C,70.0,TLT251231C00070000
TLT,2025-12-31,P,70.0,TLT251231P00070000
TLT,2026-01-16,C,88.0,TLT260116C00088000
TLT,2026-01-16,P,88.0,TLT260116P00088000
TLT,2026-01-16,C,92.0,TLT260116C00092000
TLT,2026-01-16,P,92.0,TLT260116P00092000
TLT,2026-01-16,C,83.0,TLT260116C00083000
TLT,2026-01-16,P,83.0,TLT260116P00083000
TLT,2026-01-16,C,79.0,TLT260116C00079000
TLT,2026-01-16,P,79.0,TLT260116P00079000
TLT,2026-01-16,C,97.0,TLT260116C00097000
TLT,2026-01-16,P,97.0,TLT260116P00097000
TLT,2026-01-16,C,105.0,TLT260116C00105000
TLT,2026-01-16,P,105.0,TLT260116P00105000
TLT,2026-01-16,C,70.0,TLT260116C00070000
TLT,2026-01-16,P,70.0,TLT260116P00070000
TLT,2026-02-20,C,88.0,TLT260220C00088000
TLT,2026-02-20,P,88.0,TLT260220P00088000
TLT,2026-02-20,C,92.0,TLT260220C00092000
TLT,2026-02-20,P,92.0,TLT260220P00092000
TLT,2026-02-20,C,83.0,TLT260220C00083000
TLT,2026-02-20,P,83.0,TLT260220P00083000
TLT,2026-02-20,C,79.0,TLT260220C00079000
TLT,2026-02-20,P,79.0,TLT260220P00079000
TLT,2026-02-20,C,97.0,TLT260220C00097000
TLT,2026-02-20,P,97.0,TLT260220P00097000
TLT,2026-02-20,C,105.0,TLT260220C00105000
TLT,2026-02-20,P,105.0,TLT260220P00105000
TLT,2026-02-20,C,70.0,TLT260220C00070000
TLT,2026-02-20,P,70.0,TLT260220P00070000
TLT,2026-04-17,C,88.0,TLT260417C00088000
TLT,2026-04-17,P,88.0,TLT260417P00088000
TLT,2026-04-17,C,92.0,TLT260417C00092000
TLT,2026-04-17,P,92.0,TLT260417P00092000
TLT,2026-04-17,C,83.0,TLT260417C00083000
TLT,2026-04-17,P,83.0,TLT260417P00083000
TLT,2026-04-17,C,79.0,TLT260417C00079000
TLT,2026-04-17,P,79.0,TLT260417P00079000
TLT,2026-04-17,C,97.0,TLT260417C00097000
TLT,2026-04-17,P,97.0,TLT260417P00097000
TLT,2026-04-17,C,105.0,TLT260417C00105000
TLT,2026-04-17,P,105.0,TLT260417P00105000
TLT,2026-04-17,C,70.0,TLT260417C00070000
TLT,2026-04-17,P,70.0,TLT260417P00070000
JNJ,2026-01-02,C,210.0,JNJ260102C00210000
JNJ,2026-01-02,P,210.0,JNJ260102P00210000
JNJ,2026-01-02,C,220.0,JNJ260102C00220000
JNJ,2026-01-02,C,200.0,JNJ260102C00200000
JNJ,2026-01-02,P,200.0,JNJ260102P00200000
JNJ,2026-01-02,P,225.0,JNJ260102P00225000
JNJ,2026-01-02,C,230.0,JNJ260102C00230000
JNJ,2026-01-02,C,190.0,JNJ260102C00190000
JNJ,2026-01-02,P,190.0,JNJ260102P00190000
JNJ,2026-01-02,P,175.0,JNJ260102P00175000
JNJ,2026-01-02,C,250.0,JNJ260102C00250000
JNJ,2026-01-02,C,170.0,JNJ260102C00170000
JNJ,2026-01-02,P,255.0,JNJ260102P00255000
JNJ,2026-01-16,C,210.0,JNJ260116C00210000
JNJ,2026-01-16,P,210.0,JNJ260116P00210000
JNJ,2026-01-16,C,220.0,JNJ260116C00220000
JNJ,2026-01-16,P,220.0,JNJ260116P00220000
JNJ,2026-01-16,C,200.0,JNJ260116C00200000
JNJ,2026-01-16,P,200.0,JNJ260116P00200000
JNJ,2026-01-16,C,230.0,JNJ260116C00230000
JNJ,2026-01-16,P,230.0,JNJ260116P00230000
JNJ,2026-01-16,C,190.0,JNJ260116C00190000
JNJ,2026-01-16,P,190.0,JNJ260116P00190000
JNJ,2026-01-16,C,240.0,JNJ260116C00240000
JNJ,2026-01-16,P,240.0,JNJ260116P00240000
JNJ,2026-01-16,C,170.0,JNJ260116C00170000
JNJ,2026-01-16,P,170.0,JNJ260116P00170000
JNJ,2026-02-20,C,210.0,JNJ260220C00210000
JNJ,2026-02-20,P,210.0,JNJ260220P00210000
JNJ,2026-02-20,C,220.0,JNJ260220C00220000
JNJ,2026-02-20,P,220.0,JNJ260220P00220000
JNJ,2026-02-20,C,200.0,JNJ260220C00200000
JNJ,2026-02-20,P,200.0,JNJ260220P00200000
JNJ,2026-02-20,C,230.0,JNJ260220C00230000
JNJ,2026-02-20,P,230.0,JNJ260220P00230000
JNJ,2026-02-20,C,190.0,JNJ260220C00190000
JNJ,2026-02-20,P,190.0,JNJ260220P00190000
JNJ,2026-02-20,C,250.0,JNJ260220C00250000
JNJ,2026-02-20,P,250.0,JNJ260220P00250000
JNJ,2026-02-20,C,170.0,JNJ260220C00170000
JNJ,2026-02-20,P,170.0,JNJ260220P00170000
JNJ,2026-04-17,C,210.0,JNJ260417C00210000
JNJ,2026-04-17,P,210.0,JNJ260417P00210000
JNJ,2026-04-17,C,220.0,JNJ260417C00220000
JNJ,2026-04-17,P,220.0,JNJ260417P00220000
JNJ,2026-04-17,C,200.0,JNJ260417C00200000
JNJ,2026-04-17,P,200.0,JNJ260417P00200000
JNJ,2026-04-17,C,230.0,JNJ260417C00230000
JNJ,2026-04-17,P,230.0,JNJ260417P00230000
JNJ,2026-04-17,C,190.0,JNJ260417C00190000
JNJ,2026-04-17,P,190.0,JNJ260417P00190000
JNJ,2026-04-17,C,250.0,JNJ260417C00250000
JNJ,2026-04-17,P,250.0,JNJ260417P00250000
JNJ,2026-04-17,C,170.0,JNJ260417C00170000
JNJ,2026-04-17,P,170.0,JNJ260417P00170000
UNH,2026-01-02,C,330.0,UNH260102C00330000
UNH,2026-01-02,P,330.0,UNH260102P00330000
UNH,2026-01-02,C,315.0,UNH260102C00315000
UNH,2026-01-02,P,315.0,UNH260102P00315000
UNH,2026-01-02,C,350.0,UNH260102C00350000
UNH,2026-01-02,P,350.0,UNH260102P00350000
UNH,2026-01-02,C,300.0,UNH260102C00300000
UNH,2026-01-02,P,300.0,UNH260102P00300000
UNH,2026-01-02,C,365.0,UNH260102C00365000
UNH,2026-01-02,P,365.0,UNH260102P00365000
UNH,2026-01-02,C,275.0,UNH260102C00275000
UNH,2026-01-02,P,265.0,UNH260102P00265000
UNH,2026-01-02,C,400.0,UNH260102C00400000
UNH,2026-01-02,P,400.0,UNH260102P00400000
UNH,2026-01-16,C,330.0,UNH260116C00330000
UNH,2026-01-16,P,330.0,UNH260116P00330000
UNH,2026-01-16,C,320.0,UNH260116C00320000
UNH,2026-01-16,P,320.0,UNH260116P00320000
UNH,2026-01-16,C,350.0,UNH260116C00350000
UNH,2026-01-16,P,350.0,UNH260116P00350000
UNH,2026-01-16,C,360.0,UNH260116C00360000
UNH,2026-01-16,P,360.0,UNH260116P00360000
UNH,2026-01-16,C,300.0,UNH260116C00300000
UNH,2026-01-16,P,300.0,UNH260116P00300000
UNH,2026-01-16,C,270.0,UNH260116C00270000
UNH,2026-01-16,P,270.0,UNH260116P00270000
UNH,2026-01-16,C,400.0,UNH260116C00400000
UNH,2026-01-16,P,400.0,UNH260116P00400000
UNH,2026-02-20,C,330.0,UNH260220C00330000
UNH,2026-02-20,P,330.0,UNH260220P00330000
UNH,2026-02-20,C,320.0,UNH260220C00320000
UNH,2026-02-20,P,320.0,UNH260220P00320000
UNH,2026-02-20,C,350.0,UNH260220C00350000
UNH,2026-02-20,P,350.0,UNH260220P00350000
UNH,2026-02-20,C,360.0,UNH260220C00360000
UNH,2026-02-20,P,360.0,UNH260220P00360000
UNH,2026-02-20,C,300.0,UNH260220C00300000
UNH,2026-02-20,P,300.0,UNH260220P00300000
UNH,2026-02-20,C,270.0,UNH260220C00270000
UNH,2026-02-20,P,270.0,UNH260220P00270000
UNH,2026-02-20,C,400.0,UNH260220C00400000
UNH,2026-02-20,P,400.0,UNH260220P00400000
UNH,2026-04-17,C,330.0,UNH260417C00330000
UNH,2026-04-17,P,330.0,UNH260417P00330000
UNH,2026-04-17,C,320.0,UNH260417C00320000
UNH,2026-04-17,P,320.0,UNH260417P00320000
UNH,2026-04-17,C,350.0,UNH260417C00350000
UNH,2026-04-17,P,350.0,UNH260417P00350000
UNH,2026-04-17,C,360.0,UNH260417C00360000
UNH,2026-04-17,P,360.0,UNH260417P00360000
UNH,2026-04-17,C,300.0,UNH260417C00300000
UNH,2026-04-17,P,300.0,UNH260417P00300000
UNH,2026-04-17,C,270.0,UNH260417C00270000
UNH,2026-04-17,P,270.0,UNH260417P00270000
UNH,2026-04-17,C,400.0,UNH260417C00400000
UNH,2026-04-17,P,400.0,UNH260417P00400000
