date,S,underlying
2024-01-02,159.97000122070312,JNJ
2024-01-03,160.97000122070312,JNJ
2024-01-04,160.6300048828125,JNJ
2024-01-05,161.1300048828125,JNJ
2024-01-08,161.52999877929688,JNJ
2024-01-09,161.6300048828125,JNJ
2024-01-10,161.8699951171875,JNJ
2024-01-11,161.14999389648438,JNJ
2024-01-12,162.38999938964844,JNJ
2024-01-16,160.52000427246094,JNJ
2024-01-17,160.42999267578125,JNJ
2024-01-18,161.2100067138672,JNJ
2024-01-19,161.67999267578125,JNJ
2024-01-22,162.47000122070312,JNJ
2024-01-23,159.80999755859375,JNJ
2024-01-24,158.9600067138672,JNJ
2024-01-25,159.55999755859375,JNJ
2024-01-26,159.5,JNJ
2024-01-29,159.36000061035156,JNJ
2024-01-30,158.77000427246094,JNJ
2024-01-31,158.89999389648438,JNJ
2024-02-01,158.36000061035156,JNJ
2024-02-02,156.61000061035156,JNJ
2024-02-05,155.8000030517578,JNJ
2024-02-06,158.05999755859375,JNJ
2024-02-07,157.97999572753906,JNJ
2024-02-08,156.39999389648438,JNJ
2024-02-09,156.75999450683594,JNJ
2024-02-12,157.85000610351562,JNJ
2024-02-13,156.47000122070312,JNJ
2024-02-14,155.74000549316406,JNJ
2024-02-15,157.9199981689453,JNJ
2024-02-16,156.5500030517578,JNJ
2024-02-20,157.86000061035156,JNJ
2024-02-21,158.67999267578125,JNJ
2024-02-22,160.4499969482422,JNJ
2024-02-23,161.83999633789062,JNJ
2024-02-26,160.7899932861328,JNJ
2024-02-27,160.97999572753906,JNJ
2024-02-28,161.5500030517578,JNJ
2024-02-29,161.3800048828125,JNJ
2024-03-01,162.1199951171875,JNJ
2024-03-04,159.83999633789062,JNJ
2024-03-05,159.97000122070312,JNJ
2024-03-06,159.33999633789062,JNJ
2024-03-07,158.8699951171875,JNJ
2024-03-08,159.52000427246094,JNJ
2024-03-11,161.22999572753906,JNJ
2024-03-12,162.74000549316406,JNJ
2024-03-13,161.10000610351562,JNJ
2024-03-14,159.2100067138672,JNJ
2024-03-15,158.17999267578125,JNJ
2024-03-18,156.75999450683594,JNJ
2024-03-19,156.2100067138672,JNJ
2024-03-20,155.75999450683594,JNJ
2024-03-21,155.75,JNJ
2024-03-22,155.22999572753906,JNJ
2024-03-25,155.22000122070312,JNJ
2024-03-26,155.77000427246094,JNJ
2024-03-27,157.9600067138672,JNJ
2024-03-28,158.19000244140625,JNJ
2024-04-01,157.77999877929688,JNJ
2024-04-02,157.72999572753906,JNJ
2024-04-03,154.25999450683594,JNJ
2024-04-04,152.5,JNJ
2024-04-05,152.38999938964844,JNJ
2024-04-08,151.58999633789062,JNJ
2024-04-09,152.2899932861328,JNJ
2024-04-10,150.1999969482422,JNJ
2024-04-11,148.7899932861328,JNJ
2024-04-12,147.52000427246094,JNJ
2024-04-15,147.58999633789062,JNJ
2024-04-16,144.4499969482422,JNJ
2024-04-17,144.77000427246094,JNJ
2024-04-18,145.74000549316406,JNJ
2024-04-19,147.91000366210938,JNJ
2024-04-22,149.1199951171875,JNJ
2024-04-23,149.55999755859375,JNJ
2024-04-24,148.52999877929688,JNJ
2024-04-25,146.82000732421875,JNJ
2024-04-26,146.13999938964844,JNJ
2024-04-29,146.82000732421875,JNJ
2024-04-30,144.58999633789062,JNJ
2024-05-01,151.17999267578125,JNJ
2024-05-02,149.9199981689453,JNJ
2024-05-03,149.27000427246094,JNJ
2024-05-06,148.5800018310547,JNJ
2024-05-07,148.72000122070312,JNJ
2024-05-08,148.9499969482422,JNJ
2024-05-09,149.85000610351562,JNJ
2024-05-10,149.91000366210938,JNJ
2024-05-13,151.22000122070312,JNJ
2024-05-14,151.3800048828125,JNJ
2024-05-15,152.6699981689453,JNJ
2024-05-16,154.27999877929688,JNJ
2024-05-17,154.63999938964844,JNJ
2024-05-20,151.27000427246094,JNJ
2024-05-21,151.24000549316406,JNJ
2024-05-22,153.5,JNJ
2024-05-23,149.6999969482422,JNJ
2024-05-24,146.97000122070312,JNJ
2024-05-28,144.3800048828125,JNJ
2024-05-29,144.44000244140625,JNJ
2024-05-30,145.27999877929688,JNJ
2024-05-31,146.6699981689453,JNJ
2024-06-03,147.74000549316406,JNJ
2024-06-04,147.8000030517578,JNJ
2024-06-05,145.97000122070312,JNJ
2024-06-06,146.4199981689453,JNJ
2024-06-07,147.0800018310547,JNJ
2024-06-10,147.1300048828125,JNJ
2024-06-11,146.75999450683594,JNJ
2024-06-12,145.41000366210938,JNJ
2024-06-13,145.4499969482422,JNJ
2024-06-14,145.5399932861328,JNJ
2024-06-17,145.9499969482422,JNJ
2024-06-18,145.64999389648438,JNJ
2024-06-20,147.77999877929688,JNJ
2024-06-21,148.75,JNJ
2024-06-24,149.1199951171875,JNJ
2024-06-25,147.19000244140625,JNJ
2024-06-26,146.82000732421875,JNJ
2024-06-27,145.8000030517578,JNJ
2024-06-28,146.16000366210938,JNJ
2024-07-01,146.44000244140625,JNJ
2024-07-02,146.02999877929688,JNJ
2024-07-03,145.69000244140625,JNJ
2024-07-05,146.47999572753906,JNJ
2024-07-08,145.47999572753906,JNJ
2024-07-09,147.0500030517578,JNJ
2024-07-10,149.42999267578125,JNJ
2024-07-11,149.6999969482422,JNJ
2024-07-12,149.8800048828125,JNJ
2024-07-15,149.24000549316406,JNJ
2024-07-16,151.00999450683594,JNJ
2024-07-17,156.5800018310547,JNJ
2024-07-18,155.4199981689453,JNJ
2024-07-19,154.69000244140625,JNJ
2024-07-22,154.24000549316406,JNJ
2024-07-23,152.35000610351562,JNJ
2024-07-24,156.27999877929688,JNJ
2024-07-25,159.63999938964844,JNJ
2024-07-26,160.63999938964844,JNJ
2024-07-29,158.55999755859375,JNJ
2024-07-30,161.3300018310547,JNJ
2024-07-31,157.85000610351562,JNJ
2024-08-01,160.75999450683594,JNJ
2024-08-02,164.13999938964844,JNJ
2024-08-05,161.25,JNJ
2024-08-06,158.97000122070312,JNJ
2024-08-07,158.89999389648438,JNJ
2024-08-08,160.22000122070312,JNJ
2024-08-09,160.6199951171875,JNJ
2024-08-12,159.8800048828125,JNJ
2024-08-13,158.38999938964844,JNJ
2024-08-14,158.47999572753906,JNJ
2024-08-15,159.08999633789062,JNJ
2024-08-16,159.38999938964844,JNJ
2024-08-19,159.6300048828125,JNJ
2024-08-20,160.16000366210938,JNJ
2024-08-21,161.42999267578125,JNJ
2024-08-22,162.35000610351562,JNJ
2024-08-23,164.1300048828125,JNJ
2024-08-26,164.61000061035156,JNJ
2024-08-27,162.9499969482422,JNJ
2024-08-28,163.9199981689453,JNJ
2024-08-29,164.22999572753906,JNJ
2024-08-30,165.86000061035156,JNJ
2024-09-03,167.16000366210938,JNJ
2024-09-04,167.36000061035156,JNJ
2024-09-05,164.99000549316406,JNJ
2024-09-06,164.3800048828125,JNJ
2024-09-09,166.61000061035156,JNJ
2024-09-10,167.3800048828125,JNJ
2024-09-11,164.82000732421875,JNJ
2024-09-12,164.63999938964844,JNJ
2024-09-13,165.52000427246094,JNJ
2024-09-16,166.99000549316406,JNJ
2024-09-17,167.07000732421875,JNJ
2024-09-18,166.14999389648438,JNJ
2024-09-19,164.82000732421875,JNJ
2024-09-20,164.16000366210938,JNJ
2024-09-23,163.22000122070312,JNJ
2024-09-24,162.77999877929688,JNJ
2024-09-25,160.60000610351562,JNJ
2024-09-26,161.38999938964844,JNJ
2024-09-27,161.39999389648438,JNJ
2024-09-30,162.05999755859375,JNJ
2024-10-01,161.99000549316406,JNJ
2024-10-02,161.1699981689453,JNJ
2024-10-03,160.5,JNJ
2024-10-04,160.2899932861328,JNJ
2024-10-07,159.52999877929688,JNJ
2024-10-08,159.69000244140625,JNJ
2024-10-09,160.64999389648438,JNJ
2024-10-10,160.50999450683594,JNJ
2024-10-11,161.4600067138672,JNJ
2024-10-14,161.60000610351562,JNJ
2024-10-15,164.10000610351562,JNJ
2024-10-16,164.27999877929688,JNJ
2024-10-17,164.47000122070312,JNJ
2024-10-18,165.1199951171875,JNJ
2024-10-21,162.8300018310547,JNJ
2024-10-22,163.4499969482422,JNJ
2024-10-23,165.86000061035156,JNJ
2024-10-24,163.6699981689453,JNJ
2024-10-25,160.8800048828125,JNJ
2024-10-28,161.60000610351562,JNJ
2024-10-29,160.08999633789062,JNJ
2024-10-30,160.61000061035156,JNJ
2024-10-31,159.86000061035156,JNJ
2024-11-01,160.1300048828125,JNJ
2024-11-04,158.24000549316406,JNJ
2024-11-05,158.35000610351562,JNJ
2024-11-06,157.8800048828125,JNJ
2024-11-07,156.72999572753906,JNJ
2024-11-08,155.47000122070312,JNJ
2024-11-11,155.0399932861328,JNJ
2024-11-12,152.63999938964844,JNJ
2024-11-13,153.24000549316406,JNJ
2024-11-14,151.8699951171875,JNJ
2024-11-15,154.0,JNJ
2024-11-18,154.77000427246094,JNJ
2024-11-19,153.0,JNJ
2024-11-20,153.11000061035156,JNJ
2024-11-21,155.5,JNJ
2024-11-22,155.1699981689453,JNJ
2024-11-25,155.77999877929688,JNJ
2024-11-26,154.52000427246094,JNJ
2024-11-27,155.39999389648438,JNJ
2024-11-29,155.00999450683594,JNJ
2024-12-02,154.8000030517578,JNJ
2024-12-03,152.36000061035156,JNJ
2024-12-04,150.47000122070312,JNJ
2024-12-05,149.52000427246094,JNJ
2024-12-06,149.30999755859375,JNJ
2024-12-09,149.60000610351562,JNJ
2024-12-10,149.22999572753906,JNJ
2024-12-11,146.63999938964844,JNJ
2024-12-12,146.24000549316406,JNJ
2024-12-13,146.6199951171875,JNJ
2024-12-16,143.85000610351562,JNJ
2024-12-17,146.41000366210938,JNJ
2024-12-18,144.75,JNJ
2024-12-19,143.5800018310547,JNJ
2024-12-20,144.47000122070312,JNJ
2024-12-23,145.27000427246094,JNJ
2024-12-24,145.85000610351562,JNJ
2024-12-26,145.5800018310547,JNJ
2024-12-27,145.0500030517578,JNJ
2024-12-30,143.33999633789062,JNJ
2024-12-31,144.6199951171875,JNJ
2025-01-02,144.02000427246094,JNJ
2025-01-03,144.19000244140625,JNJ
2025-01-06,143.66000366210938,JNJ
2025-01-07,146.22999572753906,JNJ
2025-01-08,142.27000427246094,JNJ
2025-01-10,142.05999755859375,JNJ
2025-01-13,144.47000122070312,JNJ
2025-01-14,144.75,JNJ
2025-01-15,144.97000122070312,JNJ
2025-01-16,147.77000427246094,JNJ
2025-01-17,147.02999877929688,JNJ
2025-01-21,148.14999389648438,JNJ
2025-01-22,145.27000427246094,JNJ
2025-01-23,146.63999938964844,JNJ
2025-01-24,146.82000732421875,JNJ
2025-01-27,152.88999938964844,JNJ
2025-01-28,150.3800048828125,JNJ
2025-01-29,151.14999389648438,JNJ
2025-01-30,152.8699951171875,JNJ
2025-01-31,152.14999389648438,JNJ
2025-02-03,151.8699951171875,JNJ
2025-02-04,153.49000549316406,JNJ
2025-02-05,154.69000244140625,JNJ
2025-02-06,153.50999450683594,JNJ
2025-02-07,153.1199951171875,JNJ
2025-02-10,154.24000549316406,JNJ
2025-02-11,156.1300048828125,JNJ
2025-02-12,155.25999450683594,JNJ
2025-02-13,157.25,JNJ
2025-02-14,156.14999389648438,JNJ
2025-02-18,154.99000549316406,JNJ
2025-02-19,157.88999938964844,JNJ
2025-02-20,159.67999267578125,JNJ
2025-02-21,162.3000030517578,JNJ
2025-02-24,163.74000549316406,JNJ
2025-02-25,166.08999633789062,JNJ
2025-02-26,163.0800018310547,JNJ
2025-02-27,163.72999572753906,JNJ
2025-02-28,165.02000427246094,JNJ
2025-03-03,167.27999877929688,JNJ
2025-03-04,165.4199981689453,JNJ
2025-03-05,165.1199951171875,JNJ
2025-03-06,165.8300018310547,JNJ
2025-03-07,166.69000244140625,JNJ
2025-03-10,167.6999969482422,JNJ
2025-03-11,165.86000061035156,JNJ
2025-03-12,162.85000610351562,JNJ
2025-03-13,162.99000549316406,JNJ
2025-03-14,162.80999755859375,JNJ
2025-03-17,162.83999633789062,JNJ
2025-03-18,164.25,JNJ
2025-03-19,162.99000549316406,JNJ
2025-03-20,163.02000427246094,JNJ
2025-03-21,163.6300048828125,JNJ
2025-03-24,163.2899932861328,JNJ
2025-03-25,161.02000427246094,JNJ
2025-03-26,161.72000122070312,JNJ
2025-03-27,163.1300048828125,JNJ
2025-03-28,163.7100067138672,JNJ
2025-03-31,165.83999633789062,JNJ
2025-04-01,153.25,JNJ
2025-04-02,155.36000061035156,JNJ
2025-04-03,159.82000732421875,JNJ
2025-04-04,153.24000549316406,JNJ
2025-04-07,150.6199951171875,JNJ
2025-04-08,150.0,JNJ
2025-04-09,150.97000122070312,JNJ
2025-04-10,148.69000244140625,JNJ
2025-04-11,151.72999572753906,JNJ
2025-04-14,154.36000061035156,JNJ
2025-04-15,153.6199951171875,JNJ
2025-04-16,153.91000366210938,JNJ
2025-04-17,157.47000122070312,JNJ
2025-04-21,156.9199981689453,JNJ
2025-04-22,157.75,JNJ
2025-04-23,155.3800048828125,JNJ
2025-04-24,154.92999267578125,JNJ
2025-04-25,154.5800018310547,JNJ
2025-04-28,155.35000610351562,JNJ
2025-04-29,155.91000366210938,JNJ
2025-04-30,156.30999755859375,JNJ
2025-05-01,154.4600067138672,JNJ
2025-05-02,156.1199951171875,JNJ
2025-05-05,155.0,JNJ
2025-05-06,154.47000122070312,JNJ
2025-05-07,157.3000030517578,JNJ
2025-05-08,155.66000366210938,JNJ
2025-05-09,154.22000122070312,JNJ
2025-05-12,154.13999938964844,JNJ
2025-05-13,148.44000244140625,JNJ
2025-05-14,146.36000061035156,JNJ
2025-05-15,149.61000061035156,JNJ
2025-05-16,151.3300018310547,JNJ
2025-05-19,152.49000549316406,JNJ
2025-05-20,153.66000366210938,JNJ
2025-05-21,153.17999267578125,JNJ
2025-05-22,152.61000061035156,JNJ
2025-05-23,152.94000244140625,JNJ
2025-05-27,153.25,JNJ
2025-05-28,152.42999267578125,JNJ
2025-05-29,153.5800018310547,JNJ
2025-05-30,155.2100067138672,JNJ
2025-06-02,155.39999389648438,JNJ
2025-06-03,154.4199981689453,JNJ
2025-06-04,153.22000122070312,JNJ
2025-06-05,153.66000366210938,JNJ
2025-06-06,155.02999877929688,JNJ
2025-06-09,155.22999572753906,JNJ
2025-06-10,156.4499969482422,JNJ
2025-06-11,155.25999450683594,JNJ
2025-06-12,156.66000366210938,JNJ
2025-06-13,157.10000610351562,JNJ
2025-06-16,155.22000122070312,JNJ
2025-06-17,152.3800048828125,JNJ
2025-06-18,150.72999572753906,JNJ
2025-06-20,149.7899932861328,JNJ
2025-06-23,151.32000732421875,JNJ
2025-06-24,152.19000244140625,JNJ
2025-06-25,152.27999877929688,JNJ
2025-06-26,152.00999450683594,JNJ
2025-06-27,152.41000366210938,JNJ
2025-06-30,152.75,JNJ
2025-07-01,155.9199981689453,JNJ
2025-07-02,155.55999755859375,JNJ
2025-07-03,156.00999450683594,JNJ
2025-07-07,155.27000427246094,JNJ
2025-07-08,155.7899932861328,JNJ
2025-07-09,156.27999877929688,JNJ
2025-07-10,157.69000244140625,JNJ
2025-07-11,156.89999389648438,JNJ
2025-07-14,156.82000732421875,JNJ
2025-07-15,155.1699981689453,JNJ
2025-07-16,164.77999877929688,JNJ
2025-07-17,162.97999572753906,JNJ
2025-07-18,163.6999969482422,JNJ
2025-07-21,164.36000061035156,JNJ
2025-07-22,167.92999267578125,JNJ
2025-07-23,169.10000610351562,JNJ
2025-07-24,169.55999755859375,JNJ
2025-07-25,168.3000030517578,JNJ
2025-07-28,166.22000122070312,JNJ
2025-07-29,168.11000061035156,JNJ
2025-07-30,167.25999450683594,JNJ
2025-07-31,164.74000549316406,JNJ
2025-08-01,167.3300018310547,JNJ
2025-08-04,171.0399932861328,JNJ
2025-08-05,170.74000549316406,JNJ
2025-08-06,170.58999633789062,JNJ
2025-08-07,171.52999877929688,JNJ
2025-08-08,173.3300018310547,JNJ
2025-08-11,173.82000732421875,JNJ
2025-08-12,172.77999877929688,JNJ
2025-08-13,174.4199981689453,JNJ
2025-08-14,174.72000122070312,JNJ
2025-08-15,176.63999938964844,JNJ
2025-08-18,176.25,JNJ
2025-08-19,177.8000030517578,JNJ
2025-08-20,178.83999633789062,JNJ
2025-08-21,178.92999267578125,JNJ
2025-08-22,179.2899932861328,JNJ
2025-08-25,178.41000366210938,JNJ
2025-08-26,176.49000549316406,JNJ
2025-08-27,176.7899932861328,JNJ
2025-08-28,175.4499969482422,JNJ
2025-08-29,177.1699981689453,JNJ
2025-09-02,178.05999755859375,JNJ
2025-09-03,178.0,JNJ
2025-09-04,178.75999450683594,JNJ
2025-09-05,178.42999267578125,JNJ
2025-09-08,178.1300048828125,JNJ
2025-09-09,176.9600067138672,JNJ
2025-09-10,175.7899932861328,JNJ
2025-09-11,178.5,JNJ
2025-09-12,178.05999755859375,JNJ
2025-09-15,177.39999389648438,JNJ
2025-09-16,176.4600067138672,JNJ
2025-09-17,177.1999969482422,JNJ
2025-09-18,174.16000366210938,JNJ
2025-09-19,176.19000244140625,JNJ
2025-09-22,174.2100067138672,JNJ
2025-09-23,176.5800018310547,JNJ
2025-09-24,176.69000244140625,JNJ
2025-09-25,177.72999572753906,JNJ
2025-09-26,179.7100067138672,JNJ
2025-09-29,181.6199951171875,JNJ
2025-09-30,185.4199981689453,JNJ
2025-10-01,186.0500030517578,JNJ
2025-10-02,185.97999572753906,JNJ
2025-10-03,188.63999938964844,JNJ
2025-10-06,188.16000366210938,JNJ
2025-10-07,188.88999938964844,JNJ
2025-10-08,189.69000244140625,JNJ
2025-10-09,191.0800018310547,JNJ
2025-10-10,190.72000122070312,JNJ
2025-10-13,190.89999389648438,JNJ
2025-10-14,190.85000610351562,JNJ
2025-10-15,191.1699981689453,JNJ
2025-10-16,192.1199951171875,JNJ
2025-10-17,193.22000122070312,JNJ
2025-10-20,193.72000122070312,JNJ
2025-10-21,191.8800048828125,JNJ
2025-10-22,192.94000244140625,JNJ
2025-10-23,192.47000122070312,JNJ
2025-10-24,190.39999389648438,JNJ
2025-10-27,190.3000030517578,JNJ
2025-10-28,186.92999267578125,JNJ
2025-10-29,186.60000610351562,JNJ
2025-10-30,189.0500030517578,JNJ
2025-10-31,188.8699951171875,JNJ
2025-11-03,186.25999450683594,JNJ
2025-11-04,186.86000061035156,JNJ
2025-11-05,186.0,JNJ
2025-11-06,186.97000122070312,JNJ
2025-11-07,186.57000732421875,JNJ
2025-11-10,188.41000366210938,JNJ
2025-11-11,193.8300018310547,JNJ
2025-11-12,194.38999938964844,JNJ
2025-11-13,195.25,JNJ
2025-11-14,195.92999267578125,JNJ
2025-11-17,199.5800018310547,JNJ
2025-11-18,200.0,JNJ
2025-11-19,202.50999450683594,JNJ
2025-11-20,203.07000732421875,JNJ
2025-11-21,203.89999389648438,JNJ
2025-11-24,206.0500030517578,JNJ
2025-11-25,206.6699981689453,JNJ
2025-11-26,207.55999755859375,JNJ
2025-11-28,206.9199981689453,JNJ
2025-12-01,205.33999633789062,JNJ
2025-12-02,205.4199981689453,JNJ
2025-12-03,205.3300018310547,JNJ
2025-12-04,202.47999572753906,JNJ
2025-12-05,201.92999267578125,JNJ
2025-12-08,201.6199951171875,JNJ
2025-12-09,199.9600067138672,JNJ
2025-12-10,206.5399932861328,JNJ
2025-12-11,210.00999450683594,JNJ
2025-12-12,211.5800018310547,JNJ
2024-01-02,98.30999755859375,TLT
2024-01-03,98.72000122070312,TLT
2024-01-04,97.22000122070312,TLT
2024-01-05,96.29000091552734,TLT
2024-01-08,97.23999786376953,TLT
2024-01-09,96.62000274658203,TLT
2024-01-10,96.16999816894531,TLT
2024-01-11,96.70999908447266,TLT
2024-01-12,96.5199966430664,TLT
2024-01-16,94.81999969482422,TLT
2024-01-17,94.66999816894531,TLT
2024-01-18,93.79000091552734,TLT
2024-01-19,94.08999633789062,TLT
2024-01-22,94.6500015258789,TLT
2024-01-23,93.9000015258789,TLT
2024-01-24,93.3499984741211,TLT
2024-01-25,93.95999908447266,TLT
2024-01-26,93.77999877929688,TLT
2024-01-29,94.86000061035156,TLT
2024-01-30,95.72000122070312,TLT
2024-01-31,96.66000366210938,TLT
2024-02-01,98.23999786376953,TLT
2024-02-02,96.06999969482422,TLT
2024-02-05,94.12999725341797,TLT
2024-02-06,95.05000305175781,TLT
2024-02-07,94.58999633789062,TLT
2024-02-08,94.04000091552734,TLT
2024-02-09,93.8499984741211,TLT
2024-02-12,93.95999908447266,TLT
2024-02-13,92.3499984741211,TLT
2024-02-14,92.81999969482422,TLT
2024-02-15,93.30000305175781,TLT
2024-02-16,92.76000213623047,TLT
2024-02-20,92.83999633789062,TLT
2024-02-21,92.18000030517578,TLT
2024-02-22,92.62999725341797,TLT
2024-02-23,93.87000274658203,TLT
2024-02-26,93.58999633789062,TLT
2024-02-27,92.93000030517578,TLT
2024-02-28,93.5199966430664,TLT
2024-02-29,94.18000030517578,TLT
2024-03-01,94.47000122070312,TLT
2024-03-04,94.08999633789062,TLT
2024-03-05,95.43000030517578,TLT
2024-03-06,95.98999786376953,TLT
2024-03-07,95.9000015258789,TLT
2024-03-08,95.7300033569336,TLT
2024-03-11,95.68000030517578,TLT
2024-03-12,94.87999725341797,TLT
2024-03-13,94.41999816894531,TLT
2024-03-14,92.97000122070312,TLT
2024-03-15,92.94000244140625,TLT
2024-03-18,92.66000366210938,TLT
2024-03-19,92.91999816894531,TLT
2024-03-20,92.88999938964844,TLT
2024-03-21,93.08999633789062,TLT
2024-03-22,93.9800033569336,TLT
2024-03-25,93.51000213623047,TLT
2024-03-26,93.7699966430664,TLT
2024-03-27,94.69999694824219,TLT
2024-03-28,94.62000274658203,TLT
2024-04-01,92.55000305175781,TLT
2024-04-02,92.04000091552734,TLT
2024-04-03,92.0199966430664,TLT
2024-04-04,92.68000030517578,TLT
2024-04-05,91.38999938964844,TLT
2024-04-08,91.37999725341797,TLT
2024-04-09,92.2300033569336,TLT
2024-04-10,90.22000122070312,TLT
2024-04-11,89.80999755859375,TLT
2024-04-12,90.29000091552734,TLT
2024-04-15,88.88999938964844,TLT
2024-04-16,88.30000305175781,TLT
2024-04-17,89.27999877929688,TLT
2024-04-18,88.83000183105469,TLT
2024-04-19,89.1500015258789,TLT
2024-04-22,89.0,TLT
2024-04-23,89.02999877929688,TLT
2024-04-24,88.4000015258789,TLT
2024-04-25,87.77999877929688,TLT
2024-04-26,88.23999786376953,TLT
2024-04-29,88.9800033569336,TLT
2024-04-30,88.22000122070312,TLT
2024-05-01,88.55999755859375,TLT
2024-05-02,88.94000244140625,TLT
2024-05-03,89.83999633789062,TLT
2024-05-06,90.19000244140625,TLT
2024-05-07,90.73999786376953,TLT
2024-05-08,90.19000244140625,TLT
2024-05-09,90.62999725341797,TLT
2024-05-10,90.12000274658203,TLT
2024-05-13,90.3499984741211,TLT
2024-05-14,90.86000061035156,TLT
2024-05-15,92.0999984741211,TLT
2024-05-16,92.01000213623047,TLT
2024-05-17,91.38999938964844,TLT
2024-05-20,91.12000274658203,TLT
2024-05-21,91.58999633789062,TLT
2024-05-22,91.69999694824219,TLT
2024-05-23,91.11000061035156,TLT
2024-05-24,91.37999725341797,TLT
2024-05-28,90.06999969482422,TLT
2024-05-29,88.9800033569336,TLT
2024-05-30,89.83999633789062,TLT
2024-05-31,90.44999694824219,TLT
2024-06-03,91.5999984741211,TLT
2024-06-04,92.66999816894531,TLT
2024-06-05,93.3499984741211,TLT
2024-06-06,93.20999908447266,TLT
2024-06-07,91.5,TLT
2024-06-10,90.88999938964844,TLT
2024-06-11,91.83000183105469,TLT
2024-06-12,92.5199966430664,TLT
2024-06-13,93.87999725341797,TLT
2024-06-14,94.66999816894531,TLT
2024-06-17,93.7300033569336,TLT
2024-06-18,94.58999633789062,TLT
2024-06-20,93.95999908447266,TLT
2024-06-21,93.95999908447266,TLT
2024-06-24,94.33999633789062,TLT
2024-06-25,94.5,TLT
2024-06-26,93.1500015258789,TLT
2024-06-27,93.5199966430664,TLT
2024-06-28,91.77999877929688,TLT
2024-07-01,89.91000366210938,TLT
2024-07-02,90.61000061035156,TLT
2024-07-03,91.80000305175781,TLT
2024-07-05,92.55999755859375,TLT
2024-07-08,92.76000213623047,TLT
2024-07-09,92.3499984741211,TLT
2024-07-10,92.63999938964844,TLT
2024-07-11,93.54000091552734,TLT
2024-07-12,93.94000244140625,TLT
2024-07-15,92.86000061035156,TLT
2024-07-16,94.16999816894531,TLT
2024-07-17,94.19000244140625,TLT
2024-07-18,93.47000122070312,TLT
2024-07-19,92.91999816894531,TLT
2024-07-22,92.6500015258789,TLT
2024-07-23,92.5199966430664,TLT
2024-07-24,91.5199966430664,TLT
2024-07-25,92.2699966430664,TLT
2024-07-26,92.98999786376953,TLT
2024-07-29,93.48999786376953,TLT
2024-07-30,93.8499984741211,TLT
2024-07-31,94.80999755859375,TLT
2024-08-01,95.30999755859375,TLT
2024-08-02,98.27999877929688,TLT
2024-08-05,98.80000305175781,TLT
2024-08-06,96.58999633789062,TLT
2024-08-07,95.91000366210938,TLT
2024-08-08,95.31999969482422,TLT
2024-08-09,96.26000213623047,TLT
2024-08-12,96.61000061035156,TLT
2024-08-13,97.27999877929688,TLT
2024-08-14,97.88999938964844,TLT
2024-08-15,97.0999984741211,TLT
2024-08-16,97.44000244140625,TLT
2024-08-19,97.88999938964844,TLT
2024-08-20,98.66999816894531,TLT
2024-08-21,98.7300033569336,TLT
2024-08-22,97.75,TLT
2024-08-23,98.38999938964844,TLT
2024-08-26,98.13999938964844,TLT
2024-08-27,97.97000122070312,TLT
2024-08-28,97.8499984741211,TLT
2024-08-29,97.52999877929688,TLT
2024-08-30,96.48999786376953,TLT
2024-09-03,97.75,TLT
2024-09-04,99.01000213623047,TLT
2024-09-05,99.56999969482422,TLT
2024-09-06,99.55999755859375,TLT
2024-09-09,99.98999786376953,TLT
2024-09-10,100.69000244140625,TLT
2024-09-11,100.61000061035156,TLT
2024-09-12,100.13999938964844,TLT
2024-09-13,100.41000366210938,TLT
2024-09-16,101.33000183105469,TLT
2024-09-17,100.83999633789062,TLT
2024-09-18,99.58999633789062,TLT
2024-09-19,99.26000213623047,TLT
2024-09-20,98.87999725341797,TLT
2024-09-23,98.66999816894531,TLT
2024-09-24,98.6500015258789,TLT
2024-09-25,97.83000183105469,TLT
2024-09-26,98.05999755859375,TLT
2024-09-27,98.56999969482422,TLT
2024-09-30,98.0999984741211,TLT
2024-10-01,98.48999786376953,TLT
2024-10-02,97.66000366210938,TLT
2024-10-03,96.73999786376953,TLT
2024-10-04,95.55000305175781,TLT
2024-10-07,94.83000183105469,TLT
2024-10-08,94.98999786376953,TLT
2024-10-09,94.44999694824219,TLT
2024-10-10,94.08000183105469,TLT
2024-10-11,93.69999694824219,TLT
2024-10-14,93.7699966430664,TLT
2024-10-15,94.91000366210938,TLT
2024-10-16,95.30999755859375,TLT
2024-10-17,93.80000305175781,TLT
2024-10-18,93.87000274658203,TLT
2024-10-21,92.2300033569336,TLT
2024-10-22,92.31999969482422,TLT
2024-10-23,92.06999969482422,TLT
2024-10-24,92.66000366210938,TLT
2024-10-25,92.13999938964844,TLT
2024-10-28,91.88999938964844,TLT
2024-10-29,92.02999877929688,TLT
2024-10-30,92.30000305175781,TLT
2024-10-31,92.44999694824219,TLT
2024-11-01,90.83999633789062,TLT
2024-11-04,92.25,TLT
2024-11-05,92.73999786376953,TLT
2024-11-06,90.19999694824219,TLT
2024-11-07,91.33000183105469,TLT
2024-11-08,92.48999786376953,TLT
2024-11-11,92.04000091552734,TLT
2024-11-12,90.66000366210938,TLT
2024-11-13,89.80000305175781,TLT
2024-11-14,90.31999969482422,TLT
2024-11-15,90.08000183105469,TLT
2024-11-18,90.23999786376953,TLT
2024-11-19,90.69999694824219,TLT
2024-11-20,90.41000366210938,TLT
2024-11-21,90.33999633789062,TLT
2024-11-22,90.38999938964844,TLT
2024-11-25,92.7300033569336,TLT
2024-11-26,92.37000274658203,TLT
2024-11-27,93.01000213623047,TLT
2024-11-29,93.97000122070312,TLT
2024-12-02,93.87000274658203,TLT
2024-12-03,93.05999755859375,TLT
2024-12-04,94.05999755859375,TLT
2024-12-05,94.25,TLT
2024-12-06,94.38999938964844,TLT
2024-12-09,93.5199966430664,TLT
2024-12-10,93.08000183105469,TLT
2024-12-11,92.19999694824219,TLT
2024-12-12,91.08000183105469,TLT
2024-12-13,90.1500015258789,TLT
2024-12-16,90.41999816894531,TLT
2024-12-17,90.63999938964844,TLT
2024-12-18,89.16000366210938,TLT
2024-12-19,87.80999755859375,TLT
2024-12-20,88.30999755859375,TLT
2024-12-23,87.5,TLT
2024-12-24,87.87000274658203,TLT
2024-12-26,87.81999969482422,TLT
2024-12-27,87.0999984741211,TLT
2024-12-30,87.80000305175781,TLT
2024-12-31,87.33000183105469,TLT
2025-01-02,87.56999969482422,TLT
2025-01-03,87.29000091552734,TLT
2025-01-06,86.9000015258789,TLT
2025-01-07,85.91999816894531,TLT
2025-01-08,86.02999877929688,TLT
2025-01-10,85.45999908447266,TLT
2025-01-13,85.43000030517578,TLT
2025-01-14,85.29000091552734,TLT
2025-01-15,86.76000213623047,TLT
2025-01-16,87.04000091552734,TLT
2025-01-17,87.19000244140625,TLT
2025-01-21,87.97000122070312,TLT
2025-01-22,87.51000213623047,TLT
2025-01-23,86.83000183105469,TLT
2025-01-24,87.22000122070312,TLT
2025-01-27,88.25,TLT
2025-01-28,88.19000244140625,TLT
2025-01-29,88.01000213623047,TLT
2025-01-30,88.33999633789062,TLT
2025-01-31,87.76000213623047,TLT
2025-02-03,88.16000366210938,TLT
2025-02-04,88.43000030517578,TLT
2025-02-05,89.88999938964844,TLT
2025-02-06,89.8499984741211,TLT
2025-02-07,89.2699966430664,TLT
2025-02-10,89.0,TLT
2025-02-11,88.43000030517578,TLT
2025-02-12,87.2300033569336,TLT
2025-02-13,88.68000030517578,TLT
2025-02-14,89.1500015258789,TLT
2025-02-18,88.0999984741211,TLT
2025-02-19,88.20999908447266,TLT
2025-02-20,88.54000091552734,TLT
2025-02-21,89.61000061035156,TLT
2025-02-24,89.87000274658203,TLT
2025-02-25,91.41999816894531,TLT
2025-02-26,91.95999908447266,TLT
2025-02-27,91.30999755859375,TLT
2025-02-28,92.43000030517578,TLT
2025-03-03,92.56999969482422,TLT
2025-03-04,91.43000030517578,TLT
2025-03-05,90.69999694824219,TLT
2025-03-06,90.4000015258789,TLT
2025-03-07,90.11000061035156,TLT
2025-03-10,91.05000305175781,TLT
2025-03-11,90.4000015258789,TLT
2025-03-12,89.86000061035156,TLT
2025-03-13,90.6500015258789,TLT
2025-03-14,90.16999816894531,TLT
2025-03-17,90.62000274658203,TLT
2025-03-18,90.70999908447266,TLT
2025-03-19,91.18000030517578,TLT
2025-03-20,91.23999786376953,TLT
2025-03-21,90.69999694824219,TLT
2025-03-24,89.7699966430664,TLT
2025-03-25,89.76000213623047,TLT
2025-03-26,89.16999816894531,TLT
2025-03-27,88.91000366210938,TLT
2025-03-28,90.13999938964844,TLT
2025-03-31,91.02999877929688,TLT
2025-04-01,91.48999786376953,TLT
2025-04-02,91.43000030517578,TLT
2025-04-03,91.8499984741211,TLT
2025-04-04,92.8499984741211,TLT
2025-04-07,90.05000305175781,TLT
2025-04-08,88.3499984741211,TLT
2025-04-09,88.87000274658203,TLT
2025-04-10,86.41999816894531,TLT
2025-04-11,86.88999938964844,TLT
2025-04-14,87.51000213623047,TLT
2025-04-15,87.81999969482422,TLT
2025-04-16,88.30999755859375,TLT
2025-04-17,87.52999877929688,TLT
2025-04-21,86.0,TLT
2025-04-22,86.4800033569336,TLT
2025-04-23,87.31999969482422,TLT
2025-04-24,88.23999786376953,TLT
2025-04-25,88.88999938964844,TLT
2025-04-28,89.44999694824219,TLT
2025-04-29,90.19999694824219,TLT
2025-04-30,89.47000122070312,TLT
2025-05-01,88.69000244140625,TLT
2025-05-02,87.7300033569336,TLT
2025-05-05,87.23999786376953,TLT
2025-05-06,87.52999877929688,TLT
2025-05-07,87.9000015258789,TLT
2025-05-08,86.91999816894531,TLT
2025-05-09,87.05000305175781,TLT
2025-05-12,86.23999786376953,TLT
2025-05-13,85.88999938964844,TLT
2025-05-14,85.31999969482422,TLT
2025-05-15,86.06999969482422,TLT
2025-05-16,86.30000305175781,TLT
2025-05-19,86.05000305175781,TLT
2025-05-20,85.43000030517578,TLT
2025-05-21,83.97000122070312,TLT
2025-05-22,84.41000366210938,TLT
2025-05-23,84.55000305175781,TLT
2025-05-27,85.7300033569336,TLT
2025-05-28,85.36000061035156,TLT
2025-05-29,86.1500015258789,TLT
2025-05-30,86.27999877929688,TLT
2025-06-02,85.16000366210938,TLT
2025-06-03,85.01000213623047,TLT
2025-06-04,86.38999938964844,TLT
2025-06-05,86.44999694824219,TLT
2025-06-06,85.3499984741211,TLT
2025-06-09,85.44000244140625,TLT
2025-06-10,85.87999725341797,TLT
2025-06-11,86.13999938964844,TLT
2025-06-12,87.16999816894531,TLT
2025-06-13,86.33000183105469,TLT
2025-06-16,85.45999908447266,TLT
2025-06-17,86.5,TLT
2025-06-18,86.6500015258789,TLT
2025-06-20,86.48999786376953,TLT
2025-06-23,86.7699966430664,TLT
2025-06-24,87.4000015258789,TLT
2025-06-25,87.51000213623047,TLT
2025-06-26,87.94999694824219,TLT
2025-06-27,87.38999938964844,TLT
2025-06-30,88.25,TLT
2025-07-01,88.13999938964844,TLT
2025-07-02,87.58000183105469,TLT
2025-07-03,86.97000122070312,TLT
2025-07-07,86.13999938964844,TLT
2025-07-08,86.02999877929688,TLT
2025-07-09,86.93000030517578,TLT
2025-07-10,86.98999786376953,TLT
2025-07-11,85.79000091552734,TLT
2025-07-14,85.61000061035156,TLT
2025-07-15,85.01000213623047,TLT
2025-07-16,85.12999725341797,TLT
2025-07-17,85.11000061035156,TLT
2025-07-18,85.23999786376953,TLT
2025-07-21,86.0,TLT
2025-07-22,86.5199966430664,TLT
2025-07-23,86.04000091552734,TLT
2025-07-24,85.88999938964844,TLT
2025-07-25,86.43000030517578,TLT
2025-07-28,85.87000274658203,TLT
2025-07-29,87.31999969482422,TLT
2025-07-30,86.87000274658203,TLT
2025-07-31,86.91999816894531,TLT
2025-08-01,87.81999969482422,TLT
2025-08-04,88.05999755859375,TLT
2025-08-05,88.33000183105469,TLT
2025-08-06,87.81999969482422,TLT
2025-08-07,87.66999816894531,TLT
2025-08-08,87.29000091552734,TLT
2025-08-11,87.38999938964844,TLT
2025-08-12,86.94999694824219,TLT
2025-08-13,87.66999816894531,TLT
2025-08-14,87.0199966430664,TLT
2025-08-15,86.4000015258789,TLT
2025-08-18,86.1500015258789,TLT
2025-08-19,86.6500015258789,TLT
2025-08-20,86.83999633789062,TLT
2025-08-21,86.41000366210938,TLT
2025-08-22,87.05000305175781,TLT
2025-08-25,86.80000305175781,TLT
2025-08-26,86.75,TLT
2025-08-27,86.6500015258789,TLT
2025-08-28,87.22000122070312,TLT
2025-08-29,86.5999984741211,TLT
2025-09-02,85.62999725341797,TLT
2025-09-03,86.56999969482422,TLT
2025-09-04,87.2300033569336,TLT
2025-09-05,88.55999755859375,TLT
2025-09-08,89.73999786376953,TLT
2025-09-09,89.2300033569336,TLT
2025-09-10,89.73999786376953,TLT
2025-09-11,90.33999633789062,TLT
2025-09-12,89.94999694824219,TLT
2025-09-15,90.16000366210938,TLT
2025-09-16,90.3499984741211,TLT
2025-09-17,90.12000274658203,TLT
2025-09-18,89.19000244140625,TLT
2025-09-19,89.0199966430664,TLT
2025-09-22,88.69999694824219,TLT
2025-09-23,89.31999969482422,TLT
2025-09-24,88.9800033569336,TLT
2025-09-25,88.9800033569336,TLT
2025-09-26,88.9000015258789,TLT
2025-09-29,89.62999725341797,TLT
2025-09-30,89.37000274658203,TLT
2025-10-01,89.29000091552734,TLT
2025-10-02,89.55000305175781,TLT
2025-10-03,89.37999725341797,TLT
2025-10-06,88.66999816894531,TLT
2025-10-07,89.18000030517578,TLT
2025-10-08,89.25,TLT
2025-10-09,89.18000030517578,TLT
2025-10-10,90.62000274658203,TLT
2025-10-13,90.56999969482422,TLT
2025-10-14,90.86000061035156,TLT
2025-10-15,90.66000366210938,TLT
2025-10-16,91.33999633789062,TLT
2025-10-17,91.19999694824219,TLT
2025-10-20,91.55000305175781,TLT
2025-10-21,92.0,TLT
2025-10-22,92.05999755859375,TLT
2025-10-23,91.43000030517578,TLT
2025-10-24,91.47000122070312,TLT
2025-10-27,91.77999877929688,TLT
2025-10-28,92.0199966430664,TLT
2025-10-29,91.08999633789062,TLT
2025-10-30,90.55999755859375,TLT
2025-10-31,90.29000091552734,TLT
2025-11-03,89.73999786376953,TLT
2025-11-04,89.94000244140625,TLT
2025-11-05,88.95999908447266,TLT
2025-11-06,89.76000213623047,TLT
2025-11-07,89.56999969482422,TLT
2025-11-10,89.55000305175781,TLT
2025-11-11,89.95999908447266,TLT
2025-11-12,90.12000274658203,TLT
2025-11-13,89.37999725341797,TLT
2025-11-14,88.87000274658203,TLT
2025-11-17,89.08999633789062,TLT
2025-11-18,89.05999755859375,TLT
2025-11-19,88.87999725341797,TLT
2025-11-20,89.2300033569336,TLT
2025-11-21,89.5,TLT
2025-11-24,90.01000213623047,TLT
2025-11-25,90.23999786376953,TLT
2025-11-26,90.63999938964844,TLT
2025-11-28,90.20999908447266,TLT
2025-12-01,88.7699966430664,TLT
2025-12-02,88.80999755859375,TLT
2025-12-03,89.05999755859375,TLT
2025-12-04,88.58000183105469,TLT
2025-12-05,88.16999816894531,TLT
2025-12-08,87.87999725341797,TLT
2025-12-09,87.97000122070312,TLT
2025-12-10,88.30999755859375,TLT
2025-12-11,88.19000244140625,TLT
2025-12-12,87.33999633789062,TLT
2024-01-02,248.4199981689453,TSLA
2024-01-03,238.4499969482422,TSLA
2024-01-04,237.92999267578125,TSLA
2024-01-05,237.49000549316406,TSLA
2024-01-08,240.4499969482422,TSLA
2024-01-09,234.9600067138672,TSLA
2024-01-10,233.94000244140625,TSLA
2024-01-11,227.22000122070312,TSLA
2024-01-12,218.88999938964844,TSLA
2024-01-16,219.91000366210938,TSLA
2024-01-17,215.5500030517578,TSLA
2024-01-18,211.8800048828125,TSLA
2024-01-19,212.19000244140625,TSLA
2024-01-22,208.8000030517578,TSLA
2024-01-23,209.13999938964844,TSLA
2024-01-24,207.8300018310547,TSLA
2024-01-25,182.6300048828125,TSLA
2024-01-26,183.25,TSLA
2024-01-29,190.92999267578125,TSLA
2024-01-30,191.58999633789062,TSLA
2024-01-31,187.2899932861328,TSLA
2024-02-01,188.86000061035156,TSLA
2024-02-02,187.91000366210938,TSLA
2024-02-05,181.05999755859375,TSLA
2024-02-06,185.10000610351562,TSLA
2024-02-07,187.5800018310547,TSLA
2024-02-08,189.55999755859375,TSLA
2024-02-09,193.57000732421875,TSLA
2024-02-12,188.1300048828125,TSLA
2024-02-13,184.02000427246094,TSLA
2024-02-14,188.7100067138672,TSLA
2024-02-15,200.4499969482422,TSLA
2024-02-16,199.9499969482422,TSLA
2024-02-20,193.75999450683594,TSLA
2024-02-21,194.77000427246094,TSLA
2024-02-22,197.41000366210938,TSLA
2024-02-23,191.97000122070312,TSLA
2024-02-26,199.39999389648438,TSLA
2024-02-27,199.72999572753906,TSLA
2024-02-28,202.0399932861328,TSLA
2024-02-29,201.8800048828125,TSLA
2024-03-01,202.63999938964844,TSLA
2024-03-04,188.13999938964844,TSLA
2024-03-05,180.74000549316406,TSLA
2024-03-06,176.5399932861328,TSLA
2024-03-07,178.64999389648438,TSLA
2024-03-08,175.33999633789062,TSLA
2024-03-11,177.77000427246094,TSLA
2024-03-12,177.5399932861328,TSLA
2024-03-13,169.47999572753906,TSLA
2024-03-14,162.5,TSLA
2024-03-15,163.57000732421875,TSLA
2024-03-18,173.8000030517578,TSLA
2024-03-19,171.32000732421875,TSLA
2024-03-20,175.66000366210938,TSLA
2024-03-21,172.82000732421875,TSLA
2024-03-22,170.8300018310547,TSLA
2024-03-25,172.6300048828125,TSLA
2024-03-26,177.6699981689453,TSLA
2024-03-27,179.8300018310547,TSLA
2024-03-28,175.7899932861328,TSLA
2024-04-01,175.22000122070312,TSLA
2024-04-02,166.6300048828125,TSLA
2024-04-03,168.3800048828125,TSLA
2024-04-04,171.11000061035156,TSLA
2024-04-05,164.89999389648438,TSLA
2024-04-08,172.97999572753906,TSLA
2024-04-09,176.8800048828125,TSLA
2024-04-10,171.75999450683594,TSLA
2024-04-11,174.60000610351562,TSLA
2024-04-12,171.0500030517578,TSLA
2024-04-15,161.47999572753906,TSLA
2024-04-16,157.11000061035156,TSLA
2024-04-17,155.4499969482422,TSLA
2024-04-18,149.92999267578125,TSLA
2024-04-19,147.0500030517578,TSLA
2024-04-22,142.0500030517578,TSLA
2024-04-23,144.67999267578125,TSLA
2024-04-24,162.1300048828125,TSLA
2024-04-25,170.17999267578125,TSLA
2024-04-26,168.2899932861328,TSLA
2024-04-29,194.0500030517578,TSLA
2024-04-30,183.27999877929688,TSLA
2024-05-01,179.99000549316406,TSLA
2024-05-02,180.00999450683594,TSLA
2024-05-03,181.19000244140625,TSLA
2024-05-06,184.75999450683594,TSLA
2024-05-07,177.80999755859375,TSLA
2024-05-08,174.72000122070312,TSLA
2024-05-09,171.97000122070312,TSLA
2024-05-10,168.47000122070312,TSLA
2024-05-13,171.88999938964844,TSLA
2024-05-14,177.5500030517578,TSLA
2024-05-15,173.99000549316406,TSLA
2024-05-16,174.83999633789062,TSLA
2024-05-17,177.4600067138672,TSLA
2024-05-20,174.9499969482422,TSLA
2024-05-21,186.60000610351562,TSLA
2024-05-22,180.11000061035156,TSLA
2024-05-23,173.74000549316406,TSLA
2024-05-24,179.24000549316406,TSLA
2024-05-28,176.75,TSLA
2024-05-29,176.19000244140625,TSLA
2024-05-30,178.7899932861328,TSLA
2024-05-31,178.0800018310547,TSLA
2024-06-03,176.2899932861328,TSLA
2024-06-04,174.77000427246094,TSLA
2024-06-05,175.0,TSLA
2024-06-06,177.94000244140625,TSLA
2024-06-07,177.47999572753906,TSLA
2024-06-10,173.7899932861328,TSLA
2024-06-11,170.66000366210938,TSLA
2024-06-12,177.2899932861328,TSLA
2024-06-13,182.47000122070312,TSLA
2024-06-14,178.00999450683594,TSLA
2024-06-17,187.44000244140625,TSLA
2024-06-18,184.86000061035156,TSLA
2024-06-20,181.57000732421875,TSLA
2024-06-21,183.00999450683594,TSLA
2024-06-24,182.5800018310547,TSLA
2024-06-25,187.35000610351562,TSLA
2024-06-26,196.3699951171875,TSLA
2024-06-27,197.4199981689453,TSLA
2024-06-28,197.8800048828125,TSLA
2024-07-01,209.86000061035156,TSLA
2024-07-02,231.25999450683594,TSLA
2024-07-03,246.38999938964844,TSLA
2024-07-05,251.52000427246094,TSLA
2024-07-08,252.94000244140625,TSLA
2024-07-09,262.3299865722656,TSLA
2024-07-10,263.260009765625,TSLA
2024-07-11,241.02999877929688,TSLA
2024-07-12,248.22999572753906,TSLA
2024-07-15,252.63999938964844,TSLA
2024-07-16,256.55999755859375,TSLA
2024-07-17,248.5,TSLA
2024-07-18,249.22999572753906,TSLA
2024-07-19,239.1999969482422,TSLA
2024-07-22,251.50999450683594,TSLA
2024-07-23,246.3800048828125,TSLA
2024-07-24,215.99000549316406,TSLA
2024-07-25,220.25,TSLA
2024-07-26,219.8000030517578,TSLA
2024-07-29,232.10000610351562,TSLA
2024-07-30,222.6199951171875,TSLA
2024-07-31,232.07000732421875,TSLA
2024-08-01,216.86000061035156,TSLA
2024-08-02,207.6699981689453,TSLA
2024-08-05,198.8800048828125,TSLA
2024-08-06,200.63999938964844,TSLA
2024-08-07,191.75999450683594,TSLA
2024-08-08,198.83999633789062,TSLA
2024-08-09,200.0,TSLA
2024-08-12,197.49000549316406,TSLA
2024-08-13,207.8300018310547,TSLA
2024-08-14,201.3800048828125,TSLA
2024-08-15,214.13999938964844,TSLA
2024-08-16,216.1199951171875,TSLA
2024-08-19,222.72000122070312,TSLA
2024-08-20,221.10000610351562,TSLA
2024-08-21,223.27000427246094,TSLA
2024-08-22,210.66000366210938,TSLA
2024-08-23,220.32000732421875,TSLA
2024-08-26,213.2100067138672,TSLA
2024-08-27,209.2100067138672,TSLA
2024-08-28,205.75,TSLA
2024-08-29,206.27999877929688,TSLA
2024-08-30,214.11000061035156,TSLA
2024-09-03,210.60000610351562,TSLA
2024-09-04,219.41000366210938,TSLA
2024-09-05,230.1699981689453,TSLA
2024-09-06,210.72999572753906,TSLA
2024-09-09,216.27000427246094,TSLA
2024-09-10,226.1699981689453,TSLA
2024-09-11,228.1300048828125,TSLA
2024-09-12,229.80999755859375,TSLA
2024-09-13,230.2899932861328,TSLA
2024-09-16,226.77999877929688,TSLA
2024-09-17,227.8699951171875,TSLA
2024-09-18,227.1999969482422,TSLA
2024-09-19,243.9199981689453,TSLA
2024-09-20,238.25,TSLA
2024-09-23,250.0,TSLA
2024-09-24,254.27000427246094,TSLA
2024-09-25,257.0199890136719,TSLA
2024-09-26,254.22000122070312,TSLA
2024-09-27,260.4599914550781,TSLA
2024-09-30,261.6300048828125,TSLA
2024-10-01,258.0199890136719,TSLA
2024-10-02,249.02000427246094,TSLA
2024-10-03,240.66000366210938,TSLA
2024-10-04,250.0800018310547,TSLA
2024-10-07,240.8300018310547,TSLA
2024-10-08,244.5,TSLA
2024-10-09,241.0500030517578,TSLA
2024-10-10,238.77000427246094,TSLA
2024-10-11,217.8000030517578,TSLA
2024-10-14,219.16000366210938,TSLA
2024-10-15,219.57000732421875,TSLA
2024-10-16,221.3300018310547,TSLA
2024-10-17,220.88999938964844,TSLA
2024-10-18,220.6999969482422,TSLA
2024-10-21,218.85000610351562,TSLA
2024-10-22,217.97000122070312,TSLA
2024-10-23,213.64999389648438,TSLA
2024-10-24,260.4800109863281,TSLA
2024-10-25,269.19000244140625,TSLA
2024-10-28,262.510009765625,TSLA
2024-10-29,259.5199890136719,TSLA
2024-10-30,257.54998779296875,TSLA
2024-10-31,249.85000610351562,TSLA
2024-11-01,248.97999572753906,TSLA
2024-11-04,242.83999633789062,TSLA
2024-11-05,251.44000244140625,TSLA
2024-11-06,288.5299987792969,TSLA
2024-11-07,296.9100036621094,TSLA
2024-11-08,321.2200012207031,TSLA
2024-11-11,350.0,TSLA
2024-11-12,328.489990234375,TSLA
2024-11-13,330.239990234375,TSLA
2024-11-14,311.17999267578125,TSLA
2024-11-15,320.7200012207031,TSLA
2024-11-18,338.739990234375,TSLA
2024-11-19,346.0,TSLA
2024-11-20,342.0299987792969,TSLA
2024-11-21,339.6400146484375,TSLA
2024-11-22,352.55999755859375,TSLA
2024-11-25,338.5899963378906,TSLA
2024-11-26,338.2300109863281,TSLA
2024-11-27,332.8900146484375,TSLA
2024-11-29,345.1600036621094,TSLA
2024-12-02,357.0899963378906,TSLA
2024-12-03,351.4200134277344,TSLA
2024-12-04,357.92999267578125,TSLA
2024-12-05,369.489990234375,TSLA
2024-12-06,389.2200012207031,TSLA
2024-12-09,389.7900085449219,TSLA
2024-12-10,400.989990234375,TSLA
2024-12-11,424.7699890136719,TSLA
2024-12-12,418.1000061035156,TSLA
2024-12-13,436.2300109863281,TSLA
2024-12-16,463.0199890136719,TSLA
2024-12-17,479.8599853515625,TSLA
2024-12-18,440.1300048828125,TSLA
2024-12-19,436.1700134277344,TSLA
2024-12-20,421.05999755859375,TSLA
2024-12-23,430.6000061035156,TSLA
2024-12-24,462.2799987792969,TSLA
2024-12-26,454.1300048828125,TSLA
2024-12-27,431.6600036621094,TSLA
2024-12-30,417.4100036621094,TSLA
2024-12-31,403.8399963378906,TSLA
2025-01-02,379.2799987792969,TSLA
2025-01-03,410.44000244140625,TSLA
2025-01-06,411.04998779296875,TSLA
2025-01-07,394.3599853515625,TSLA
2025-01-08,394.94000244140625,TSLA
2025-01-10,394.739990234375,TSLA
2025-01-13,403.30999755859375,TSLA
2025-01-14,396.3599853515625,TSLA
2025-01-15,428.2200012207031,TSLA
2025-01-16,413.82000732421875,TSLA
2025-01-17,426.5,TSLA
2025-01-21,424.07000732421875,TSLA
2025-01-22,415.1099853515625,TSLA
2025-01-23,412.3800048828125,TSLA
2025-01-24,406.5799865722656,TSLA
2025-01-27,397.1499938964844,TSLA
2025-01-28,398.0899963378906,TSLA
2025-01-29,389.1000061035156,TSLA
2025-01-30,400.2799987792969,TSLA
2025-01-31,404.6000061035156,TSLA
2025-02-03,383.67999267578125,TSLA
2025-02-04,392.2099914550781,TSLA
2025-02-05,378.1700134277344,TSLA
2025-02-06,374.32000732421875,TSLA
2025-02-07,361.6199951171875,TSLA
2025-02-10,350.7300109863281,TSLA
2025-02-11,328.5,TSLA
2025-02-12,336.510009765625,TSLA
2025-02-13,355.94000244140625,TSLA
2025-02-14,355.8399963378906,TSLA
2025-02-18,354.1099853515625,TSLA
2025-02-19,360.55999755859375,TSLA
2025-02-20,354.3999938964844,TSLA
2025-02-21,337.79998779296875,TSLA
2025-02-24,330.5299987792969,TSLA
2025-02-25,302.79998779296875,TSLA
2025-02-26,290.79998779296875,TSLA
2025-02-27,281.95001220703125,TSLA
2025-02-28,292.9800109863281,TSLA
2025-03-03,284.6499938964844,TSLA
2025-03-04,272.0400085449219,TSLA
2025-03-05,279.1000061035156,TSLA
2025-03-06,263.45001220703125,TSLA
2025-03-07,262.6700134277344,TSLA
2025-03-10,222.14999389648438,TSLA
2025-03-11,230.5800018310547,TSLA
2025-03-12,248.08999633789062,TSLA
2025-03-13,240.67999267578125,TSLA
2025-03-14,249.97999572753906,TSLA
2025-03-17,238.00999450683594,TSLA
2025-03-18,225.30999755859375,TSLA
2025-03-19,235.86000061035156,TSLA
2025-03-20,236.25999450683594,TSLA
2025-03-21,248.7100067138672,TSLA
2025-03-24,278.3900146484375,TSLA
2025-03-25,288.1400146484375,TSLA
2025-03-26,272.05999755859375,TSLA
2025-03-27,273.1300048828125,TSLA
2025-03-28,263.54998779296875,TSLA
2025-03-31,259.1600036621094,TSLA
2025-04-01,268.4599914550781,TSLA
2025-04-02,282.760009765625,TSLA
2025-04-03,267.2799987792969,TSLA
2025-04-04,239.42999267578125,TSLA
2025-04-07,233.2899932861328,TSLA
2025-04-08,221.86000061035156,TSLA
2025-04-09,272.20001220703125,TSLA
2025-04-10,252.39999389648438,TSLA
2025-04-11,252.30999755859375,TSLA
2025-04-14,252.35000610351562,TSLA
2025-04-15,254.11000061035156,TSLA
2025-04-16,241.5500030517578,TSLA
2025-04-17,241.3699951171875,TSLA
2025-04-21,227.5,TSLA
2025-04-22,237.97000122070312,TSLA
2025-04-23,250.74000549316406,TSLA
2025-04-24,259.510009765625,TSLA
2025-04-25,284.95001220703125,TSLA
2025-04-28,285.8800048828125,TSLA
2025-04-29,292.0299987792969,TSLA
2025-04-30,282.1600036621094,TSLA
2025-05-01,280.5199890136719,TSLA
2025-05-02,287.2099914550781,TSLA
2025-05-05,280.260009765625,TSLA
2025-05-06,275.3500061035156,TSLA
2025-05-07,276.2200012207031,TSLA
2025-05-08,284.82000732421875,TSLA
2025-05-09,298.260009765625,TSLA
2025-05-12,318.3800048828125,TSLA
2025-05-13,334.07000732421875,TSLA
2025-05-14,347.67999267578125,TSLA
2025-05-15,342.82000732421875,TSLA
2025-05-16,349.9800109863281,TSLA
2025-05-19,342.0899963378906,TSLA
2025-05-20,343.82000732421875,TSLA
2025-05-21,334.6199951171875,TSLA
2025-05-22,341.0400085449219,TSLA
2025-05-23,339.3399963378906,TSLA
2025-05-27,362.8900146484375,TSLA
2025-05-28,356.8999938964844,TSLA
2025-05-29,358.42999267578125,TSLA
2025-05-30,346.4599914550781,TSLA
2025-06-02,342.69000244140625,TSLA
2025-06-03,344.2699890136719,TSLA
2025-06-04,332.04998779296875,TSLA
2025-06-05,284.70001220703125,TSLA
2025-06-06,295.1400146484375,TSLA
2025-06-09,308.5799865722656,TSLA
2025-06-10,326.0899963378906,TSLA
2025-06-11,326.42999267578125,TSLA
2025-06-12,319.1099853515625,TSLA
2025-06-13,325.30999755859375,TSLA
2025-06-16,329.1300048828125,TSLA
2025-06-17,316.3500061035156,TSLA
2025-06-18,322.04998779296875,TSLA
2025-06-20,322.1600036621094,TSLA
2025-06-23,348.67999267578125,TSLA
2025-06-24,340.4700012207031,TSLA
2025-06-25,327.54998779296875,TSLA
2025-06-26,325.7799987792969,TSLA
2025-06-27,323.6300048828125,TSLA
2025-06-30,317.6600036621094,TSLA
2025-07-01,300.7099914550781,TSLA
2025-07-02,315.6499938964844,TSLA
2025-07-03,315.3500061035156,TSLA
2025-07-07,293.94000244140625,TSLA
2025-07-08,297.80999755859375,TSLA
2025-07-09,295.8800048828125,TSLA
2025-07-10,309.8699951171875,TSLA
2025-07-11,313.510009765625,TSLA
2025-07-14,316.8999938964844,TSLA
2025-07-15,310.7799987792969,TSLA
2025-07-16,321.6700134277344,TSLA
2025-07-17,319.4100036621094,TSLA
2025-07-18,329.6499938964844,TSLA
2025-07-21,328.489990234375,TSLA
2025-07-22,332.1099853515625,TSLA
2025-07-23,332.55999755859375,TSLA
2025-07-24,305.29998779296875,TSLA
2025-07-25,316.05999755859375,TSLA
2025-07-28,325.5899963378906,TSLA
2025-07-29,321.20001220703125,TSLA
2025-07-30,319.0400085449219,TSLA
2025-07-31,308.2699890136719,TSLA
2025-08-01,302.6300048828125,TSLA
2025-08-04,309.260009765625,TSLA
2025-08-05,308.7200012207031,TSLA
2025-08-06,319.9100036621094,TSLA
2025-08-07,322.2699890136719,TSLA
2025-08-08,329.6499938964844,TSLA
2025-08-11,339.0299987792969,TSLA
2025-08-12,340.8399963378906,TSLA
2025-08-13,339.3800048828125,TSLA
2025-08-14,335.5799865722656,TSLA
2025-08-15,330.55999755859375,TSLA
2025-08-18,335.1600036621094,TSLA
2025-08-19,329.30999755859375,TSLA
2025-08-20,323.8999938964844,TSLA
2025-08-21,320.1099853515625,TSLA
2025-08-22,340.010009765625,TSLA
2025-08-25,346.6000061035156,TSLA
2025-08-26,351.6700134277344,TSLA
2025-08-27,349.6000061035156,TSLA
2025-08-28,345.9800109863281,TSLA
2025-08-29,333.8699951171875,TSLA
2025-09-02,329.3599853515625,TSLA
2025-09-03,334.0899963378906,TSLA
2025-09-04,338.5299987792969,TSLA
2025-09-05,350.8399963378906,TSLA
2025-09-08,346.3999938964844,TSLA
2025-09-09,346.9700012207031,TSLA
2025-09-10,347.7900085449219,TSLA
2025-09-11,368.80999755859375,TSLA
2025-09-12,395.94000244140625,TSLA
2025-09-15,410.0400085449219,TSLA
2025-09-16,421.6199951171875,TSLA
2025-09-17,425.8599853515625,TSLA
2025-09-18,416.8500061035156,TSLA
2025-09-19,426.07000732421875,TSLA
2025-09-22,434.2099914550781,TSLA
2025-09-23,425.8500061035156,TSLA
2025-09-24,442.7900085449219,TSLA
2025-09-25,423.3900146484375,TSLA
2025-09-26,440.3999938964844,TSLA
2025-09-29,443.2099914550781,TSLA
2025-09-30,444.7200012207031,TSLA
2025-10-01,459.4599914550781,TSLA
2025-10-02,436.0,TSLA
2025-10-03,429.8299865722656,TSLA
2025-10-06,453.25,TSLA
2025-10-07,433.0899963378906,TSLA
2025-10-08,438.69000244140625,TSLA
2025-10-09,435.5400085449219,TSLA
2025-10-10,413.489990234375,TSLA
2025-10-13,435.8999938964844,TSLA
2025-10-14,429.239990234375,TSLA
2025-10-15,435.1499938964844,TSLA
2025-10-16,428.75,TSLA
2025-10-17,439.30999755859375,TSLA
2025-10-20,447.42999267578125,TSLA
2025-10-21,442.6000061035156,TSLA
2025-10-22,438.9700012207031,TSLA
2025-10-23,448.9800109863281,TSLA
2025-10-24,433.7200012207031,TSLA
2025-10-27,452.4200134277344,TSLA
2025-10-28,460.54998779296875,TSLA
2025-10-29,461.510009765625,TSLA
2025-10-30,440.1000061035156,TSLA
2025-10-31,456.55999755859375,TSLA
2025-11-03,468.3699951171875,TSLA
2025-11-04,444.260009765625,TSLA
2025-11-05,462.07000732421875,TSLA
2025-11-06,445.9100036621094,TSLA
2025-11-07,429.5199890136719,TSLA
2025-11-10,445.2300109863281,TSLA
2025-11-11,439.6199951171875,TSLA
2025-11-12,430.6000061035156,TSLA
2025-11-13,401.989990234375,TSLA
2025-11-14,404.3500061035156,TSLA
2025-11-17,408.9200134277344,TSLA
2025-11-18,401.25,TSLA
2025-11-19,403.989990234375,TSLA
2025-11-20,395.2300109863281,TSLA
2025-11-21,391.0899963378906,TSLA
2025-11-24,417.7799987792969,TSLA
2025-11-25,419.3999938964844,TSLA
2025-11-26,426.5799865722656,TSLA
2025-11-28,430.1700134277344,TSLA
2025-12-01,430.1400146484375,TSLA
2025-12-02,429.239990234375,TSLA
2025-12-03,446.739990234375,TSLA
2025-12-04,454.5299987792969,TSLA
2025-12-05,455.0,TSLA
2025-12-08,439.5799865722656,TSLA
2025-12-09,445.1700134277344,TSLA
2025-12-10,451.45001220703125,TSLA
2025-12-11,446.8900146484375,TSLA
2025-12-12,458.9599914550781,TSLA
2024-01-02,539.3400268554688,UNH
2024-01-03,542.030029296875,UNH
2024-01-04,545.4199829101562,UNH
2024-01-05,537.3800048828125,UNH
2024-01-08,536.52001953125,UNH
2024-01-09,538.3699951171875,UNH
2024-01-10,537.6400146484375,UNH
2024-01-11,539.6799926757812,UNH
2024-01-12,521.510009765625,UNH
2024-01-16,519.1500244140625,UNH
2024-01-17,524.9400024414062,UNH
2024-01-18,516.3400268554688,UNH
2024-01-19,503.55999755859375,UNH
2024-01-22,512.989990234375,UNH
2024-01-23,515.52001953125,UNH
2024-01-24,513.22998046875,UNH
2024-01-25,493.3999938964844,UNH
2024-01-26,503.20001220703125,UNH
2024-01-29,504.5400085449219,UNH
2024-01-30,503.6099853515625,UNH
2024-01-31,511.739990234375,UNH
2024-02-01,507.1400146484375,UNH
2024-02-02,510.2300109863281,UNH
2024-02-05,502.9599914550781,UNH
2024-02-06,510.6700134277344,UNH
2024-02-07,519.3900146484375,UNH
2024-02-08,520.0900268554688,UNH
2024-02-09,518.219970703125,UNH
2024-02-12,517.6400146484375,UNH
2024-02-13,516.8499755859375,UNH
2024-02-14,516.9400024414062,UNH
2024-02-15,520.8800048828125,UNH
2024-02-16,521.5499877929688,UNH
2024-02-20,521.0599975585938,UNH
2024-02-21,521.969970703125,UNH
2024-02-22,526.5,UNH
2024-02-23,527.239990234375,UNH
2024-02-26,525.3200073242188,UNH
2024-02-27,513.4199829101562,UNH
2024-02-28,498.2799987792969,UNH
2024-02-29,493.6000061035156,UNH
2024-03-01,489.5299987792969,UNH
2024-03-04,481.8699951171875,UNH
2024-03-05,473.1499938964844,UNH
2024-03-06,472.6000061035156,UNH
2024-03-07,478.7799987792969,UNH
2024-03-08,476.57000732421875,UNH
2024-03-11,489.1499938964844,UNH
2024-03-12,489.3500061035156,UNH
2024-03-13,488.0,UNH
2024-03-14,489.0,UNH
2024-03-15,490.82000732421875,UNH
2024-03-18,487.04998779296875,UNH
2024-03-19,493.32000732421875,UNH
2024-03-20,494.2300109863281,UNH
2024-03-21,491.69000244140625,UNH
2024-03-22,490.07000732421875,UNH
2024-03-25,485.8800048828125,UNH
2024-03-26,492.30999755859375,UNH
2024-03-27,493.1000061035156,UNH
2024-03-28,494.70001220703125,UNH
2024-04-01,489.70001220703125,UNH
2024-04-02,458.1400146484375,UNH
2024-04-03,459.739990234375,UNH
2024-04-04,455.3800048828125,UNH
2024-04-05,455.739990234375,UNH
2024-04-08,456.0,UNH
2024-04-09,459.7200012207031,UNH
2024-04-10,450.04998779296875,UNH
2024-04-11,441.7200012207031,UNH
2024-04-12,439.20001220703125,UNH
2024-04-15,445.6300048828125,UNH
2024-04-16,468.8900146484375,UNH
2024-04-17,478.989990234375,UNH
2024-04-18,493.17999267578125,UNH
2024-04-19,501.1300048828125,UNH
2024-04-22,491.2300109863281,UNH
2024-04-23,486.17999267578125,UNH
2024-04-24,487.29998779296875,UNH
2024-04-25,493.8599853515625,UNH
2024-04-26,495.3500061035156,UNH
2024-04-29,489.0299987792969,UNH
2024-04-30,483.70001220703125,UNH
2024-05-01,484.1099853515625,UNH
2024-05-02,492.9700012207031,UNH
2024-05-03,492.45001220703125,UNH
2024-05-06,494.3800048828125,UNH
2024-05-07,500.9599914550781,UNH
2024-05-08,503.2099914550781,UNH
2024-05-09,507.0299987792969,UNH
2024-05-10,512.8099975585938,UNH
2024-05-13,511.739990234375,UNH
2024-05-14,513.8800048828125,UNH
2024-05-15,517.5499877929688,UNH
2024-05-16,521.27001953125,UNH
2024-05-17,524.6300048828125,UNH
2024-05-20,517.22998046875,UNH
2024-05-21,523.5499877929688,UNH
2024-05-22,521.3499755859375,UNH
2024-05-23,516.8300170898438,UNH
2024-05-24,508.1700134277344,UNH
2024-05-28,503.67999267578125,UNH
2024-05-29,484.7200012207031,UNH
2024-05-30,481.6499938964844,UNH
2024-05-31,495.3699951171875,UNH
2024-06-03,497.44000244140625,UNH
2024-06-04,505.489990234375,UNH
2024-06-05,503.1199951171875,UNH
2024-06-06,501.9200134277344,UNH
2024-06-07,490.69000244140625,UNH
2024-06-10,495.0,UNH
2024-06-11,496.2200012207031,UNH
2024-06-12,493.07000732421875,UNH
2024-06-13,497.29998779296875,UNH
2024-06-14,497.1199951171875,UNH
2024-06-17,489.2300109863281,UNH
2024-06-18,481.04998779296875,UNH
2024-06-20,484.5199890136719,UNH
2024-06-21,482.5899963378906,UNH
2024-06-24,489.9800109863281,UNH
2024-06-25,484.5,UNH
2024-06-26,484.0400085449219,UNH
2024-06-27,486.44000244140625,UNH
2024-06-28,509.260009765625,UNH
2024-07-01,494.6499938964844,UNH
2024-07-02,498.239990234375,UNH
2024-07-03,489.8900146484375,UNH
2024-07-05,488.010009765625,UNH
2024-07-08,489.3399963378906,UNH
2024-07-09,492.1099853515625,UNH
2024-07-10,500.92999267578125,UNH
2024-07-11,504.3599853515625,UNH
2024-07-12,511.5299987792969,UNH
2024-07-15,515.3699951171875,UNH
2024-07-16,548.8699951171875,UNH
2024-07-17,573.280029296875,UNH
2024-07-18,564.3400268554688,UNH
2024-07-19,565.3300170898438,UNH
2024-07-22,558.530029296875,UNH
2024-07-23,554.7000122070312,UNH
2024-07-24,559.75,UNH
2024-07-25,559.6799926757812,UNH
2024-07-26,569.719970703125,UNH
2024-07-29,566.75,UNH
2024-07-30,576.3300170898438,UNH
2024-07-31,576.1599731445312,UNH
2024-08-01,572.77001953125,UNH
2024-08-02,589.8300170898438,UNH
2024-08-05,569.9600219726562,UNH
2024-08-06,568.3499755859375,UNH
2024-08-07,566.0800170898438,UNH
2024-08-08,566.239990234375,UNH
2024-08-09,558.760009765625,UNH
2024-08-12,565.2899780273438,UNH
2024-08-13,574.239990234375,UNH
2024-08-14,579.6699829101562,UNH
2024-08-15,579.6099853515625,UNH
2024-08-16,577.6799926757812,UNH
2024-08-19,578.780029296875,UNH
2024-08-20,580.6500244140625,UNH
2024-08-21,578.0700073242188,UNH
2024-08-22,578.719970703125,UNH
2024-08-23,584.510009765625,UNH
2024-08-26,587.1300048828125,UNH
2024-08-27,587.3499755859375,UNH
2024-08-28,588.5399780273438,UNH
2024-08-29,591.5700073242188,UNH
2024-08-30,590.2000122070312,UNH
2024-09-03,598.6799926757812,UNH
2024-09-04,604.1799926757812,UNH
2024-09-05,595.489990234375,UNH
2024-09-06,596.8800048828125,UNH
2024-09-09,594.0999755859375,UNH
2024-09-10,599.030029296875,UNH
2024-09-11,589.75,UNH
2024-09-12,588.4199829101562,UNH
2024-09-13,594.3200073242188,UNH
2024-09-16,589.1400146484375,UNH
2024-09-17,577.9600219726562,UNH
2024-09-18,580.6500244140625,UNH
2024-09-19,577.0700073242188,UNH
2024-09-20,575.0,UNH
2024-09-23,573.4099731445312,UNH
2024-09-24,575.1900024414062,UNH
2024-09-25,576.3099975585938,UNH
2024-09-26,574.8099975585938,UNH
2024-09-27,581.8499755859375,UNH
2024-09-30,584.6799926757812,UNH
2024-10-01,583.2999877929688,UNH
2024-10-02,592.3099975585938,UNH
2024-10-03,592.75,UNH
2024-10-04,591.2000122070312,UNH
2024-10-07,583.5599975585938,UNH
2024-10-08,581.5800170898438,UNH
2024-10-09,591.219970703125,UNH
2024-10-10,597.7000122070312,UNH
2024-10-11,598.0499877929688,UNH
2024-10-14,605.4000244140625,UNH
2024-10-15,556.2899780273438,UNH
2024-10-16,571.3400268554688,UNH
2024-10-17,566.030029296875,UNH
2024-10-18,569.6099853515625,UNH
2024-10-21,571.469970703125,UNH
2024-10-22,569.8599853515625,UNH
2024-10-23,564.6400146484375,UNH
2024-10-24,560.8099975585938,UNH
2024-10-25,564.5599975585938,UNH
2024-10-28,565.239990234375,UNH
2024-10-29,562.1300048828125,UNH
2024-10-30,562.9600219726562,UNH
2024-10-31,564.5,UNH
2024-11-01,567.5599975585938,UNH
2024-11-04,557.77001953125,UNH
2024-11-05,567.030029296875,UNH
2024-11-06,596.6900024414062,UNH
2024-11-07,605.4500122070312,UNH
2024-11-08,615.8099975585938,UNH
2024-11-11,625.25,UNH
2024-11-12,614.6699829101562,UNH
2024-11-13,605.8699951171875,UNH
2024-11-14,593.1500244140625,UNH
2024-11-15,592.22998046875,UNH
2024-11-18,589.6500244140625,UNH
2024-11-19,577.0,UNH
2024-11-20,600.5,UNH
2024-11-21,597.489990234375,UNH
2024-11-22,590.8699951171875,UNH
2024-11-25,605.8300170898438,UNH
2024-11-26,606.7899780273438,UNH
2024-11-27,608.3800048828125,UNH
2024-11-29,610.2000122070312,UNH
2024-12-02,608.52001953125,UNH
2024-12-03,605.22998046875,UNH
2024-12-04,610.7899780273438,UNH
2024-12-05,578.969970703125,UNH
2024-12-06,549.6199951171875,UNH
2024-12-09,560.6199951171875,UNH
2024-12-10,565.1900024414062,UNH
2024-12-11,533.530029296875,UNH
2024-12-12,515.760009765625,UNH
2024-12-13,520.47998046875,UNH
2024-12-16,498.5,UNH
2024-12-17,485.5199890136719,UNH
2024-12-18,499.7200012207031,UNH
2024-12-19,489.25,UNH
2024-12-20,500.1300048828125,UNH
2024-12-23,506.3399963378906,UNH
2024-12-24,506.1000061035156,UNH
2024-12-26,511.1499938964844,UNH
2024-12-27,509.989990234375,UNH
2024-12-30,507.79998779296875,UNH
2024-12-31,505.8599853515625,UNH
2025-01-02,504.510009765625,UNH
2025-01-03,513.0,UNH
2025-01-06,513.6699829101562,UNH
2025-01-07,514.25,UNH
2025-01-08,524.52001953125,UNH
2025-01-10,520.6900024414062,UNH
2025-01-13,541.1400146484375,UNH
2025-01-14,543.739990234375,UNH
2025-01-15,543.4199829101562,UNH
2025-01-16,510.5899963378906,UNH
2025-01-17,509.760009765625,UNH
2025-01-21,524.989990234375,UNH
2025-01-22,519.719970703125,UNH
2025-01-23,529.77001953125,UNH
2025-01-24,532.510009765625,UNH
2025-01-27,543.52001953125,UNH
2025-01-28,542.47998046875,UNH
2025-01-29,538.0999755859375,UNH
2025-01-30,545.5700073242188,UNH
2025-01-31,542.489990234375,UNH
2025-02-03,548.1799926757812,UNH
2025-02-04,545.4500122070312,UNH
2025-02-05,539.8099975585938,UNH
2025-02-06,530.0399780273438,UNH
2025-02-07,527.030029296875,UNH
2025-02-10,533.3699951171875,UNH
2025-02-11,533.9199829101562,UNH
2025-02-12,527.4000244140625,UNH
2025-02-13,531.1799926757812,UNH
2025-02-14,523.510009765625,UNH
2025-02-18,500.7300109863281,UNH
2025-02-19,511.0400085449219,UNH
2025-02-20,502.4200134277344,UNH
2025-02-21,466.4200134277344,UNH
2025-02-24,461.5199890136719,UNH
2025-02-25,470.3800048828125,UNH
2025-02-26,463.5899963378906,UNH
2025-02-27,468.55999755859375,UNH
2025-02-28,474.9599914550781,UNH
2025-03-03,467.04998779296875,UNH
2025-03-04,474.6099853515625,UNH
2025-03-05,475.9800109863281,UNH
2025-03-06,487.7200012207031,UNH
2025-03-07,493.4800109863281,UNH
2025-03-10,480.2200012207031,UNH
2025-03-11,486.0400085449219,UNH
2025-03-12,481.1099853515625,UNH
2025-03-13,481.5199890136719,UNH
2025-03-14,488.6499938964844,UNH
2025-03-17,499.0199890136719,UNH
2025-03-18,503.79998779296875,UNH
2025-03-19,503.20001220703125,UNH
2025-03-20,511.29998779296875,UNH
2025-03-21,516.8499755859375,UNH
2025-03-24,516.5,UNH
2025-03-25,513.4299926757812,UNH
2025-03-26,518.2000122070312,UNH
2025-03-27,515.719970703125,UNH
2025-03-28,516.0399780273438,UNH
2025-03-31,523.75,UNH
2025-04-01,523.1199951171875,UNH
2025-04-02,523.2000122070312,UNH
2025-04-03,540.4400024414062,UNH
2025-04-04,525.0499877929688,UNH
2025-04-07,524.7000122070312,UNH
2025-04-08,553.0800170898438,UNH
2025-04-09,578.5,UNH
2025-04-10,594.4000244140625,UNH
2025-04-11,599.469970703125,UNH
2025-04-14,587.0599975585938,UNH
2025-04-15,583.5900268554688,UNH
2025-04-16,585.0399780273438,UNH
2025-04-17,454.1099853515625,UNH
2025-04-21,425.3299865722656,UNH
2025-04-22,427.17999267578125,UNH
2025-04-23,427.9599914550781,UNH
2025-04-24,424.25,UNH
2025-04-25,418.6400146484375,UNH
2025-04-28,420.0,UNH
2025-04-29,409.2300109863281,UNH
2025-04-30,411.44000244140625,UNH
2025-05-01,400.67999267578125,UNH
2025-05-02,399.9200134277344,UNH
2025-05-05,404.80999755859375,UNH
2025-05-06,394.510009765625,UNH
2025-05-07,391.05999755859375,UNH
2025-05-08,385.54998779296875,UNH
2025-05-09,380.6400146484375,UNH
2025-05-12,378.75,UNH
2025-05-13,311.3800048828125,UNH
2025-05-14,308.010009765625,UNH
2025-05-15,274.3500061035156,UNH
2025-05-16,291.9100036621094,UNH
2025-05-19,315.8900146484375,UNH
2025-05-20,321.5799865722656,UNH
2025-05-21,302.9800109863281,UNH
2025-05-22,296.6700134277344,UNH
2025-05-23,295.57000732421875,UNH
2025-05-27,295.0,UNH
2025-05-28,298.1099853515625,UNH
2025-05-29,298.1700134277344,UNH
2025-05-30,301.9100036621094,UNH
2025-06-02,304.7200012207031,UNH
2025-06-03,301.2200012207031,UNH
2025-06-04,300.3800048828125,UNH
2025-06-05,295.8399963378906,UNH
2025-06-06,303.2200012207031,UNH
2025-06-09,303.19000244140625,UNH
2025-06-10,303.7900085449219,UNH
2025-06-11,310.55999755859375,UNH
2025-06-12,318.5,UNH
2025-06-13,313.5299987792969,UNH
2025-06-16,307.6600036621094,UNH
2025-06-17,308.8699951171875,UNH
2025-06-18,307.20001220703125,UNH
2025-06-20,302.010009765625,UNH
2025-06-23,300.67999267578125,UNH
2025-06-24,305.6199951171875,UNH
2025-06-25,302.0199890136719,UNH
2025-06-26,302.6199951171875,UNH
2025-06-27,309.1099853515625,UNH
2025-06-30,311.9700012207031,UNH
2025-07-01,326.1400146484375,UNH
2025-07-02,307.55999755859375,UNH
2025-07-03,308.54998779296875,UNH
2025-07-07,303.7099914550781,UNH
2025-07-08,307.70001220703125,UNH
2025-07-09,302.9100036621094,UNH
2025-07-10,299.510009765625,UNH
2025-07-11,304.1000061035156,UNH
2025-07-14,300.5799865722656,UNH
2025-07-15,291.7099914550781,UNH
2025-07-16,292.489990234375,UNH
2025-07-17,288.07000732421875,UNH
2025-07-18,282.6499938964844,UNH
2025-07-21,282.1400146484375,UNH
2025-07-22,285.1300048828125,UNH
2025-07-23,292.510009765625,UNH
2025-07-24,278.5799865722656,UNH
2025-07-25,281.05999755859375,UNH
2025-07-28,282.1199951171875,UNH
2025-07-29,261.07000732421875,UNH
2025-07-30,266.0400085449219,UNH
2025-07-31,249.55999755859375,UNH
2025-08-01,237.77000427246094,UNH
2025-08-04,240.97999572753906,UNH
2025-08-05,251.0,UNH
2025-08-06,245.77999877929688,UNH
2025-08-07,244.6699981689453,UNH
2025-08-08,250.88999938964844,UNH
2025-08-11,252.3699951171875,UNH
2025-08-12,261.57000732421875,UNH
2025-08-13,271.80999755859375,UNH
2025-08-14,271.489990234375,UNH
2025-08-15,304.010009765625,UNH
2025-08-18,308.489990234375,UNH
2025-08-19,304.239990234375,UNH
2025-08-20,299.8399963378906,UNH
2025-08-21,303.3500061035156,UNH
2025-08-22,307.4200134277344,UNH
2025-08-25,304.8599853515625,UNH
2025-08-26,300.42999267578125,UNH
2025-08-27,303.8800048828125,UNH
2025-08-28,302.2900085449219,UNH
2025-08-29,309.8699951171875,UNH
2025-09-02,308.79998779296875,UNH
2025-09-03,307.8800048828125,UNH
2025-09-04,310.3800048828125,UNH
2025-09-05,315.3900146484375,UNH
2025-09-08,320.25,UNH
2025-09-09,347.9200134277344,UNH
2025-09-10,346.7799987792969,UNH
2025-09-11,353.6099853515625,UNH
2025-09-12,352.510009765625,UNH
2025-09-15,347.8900146484375,UNH
2025-09-16,339.7799987792969,UNH
2025-09-17,341.6099853515625,UNH
2025-09-18,334.82000732421875,UNH
2025-09-19,336.69000244140625,UNH
2025-09-22,341.29998779296875,UNH
2025-09-23,347.69000244140625,UNH
2025-09-24,351.80999755859375,UNH
2025-09-25,345.55999755859375,UNH
2025-09-26,344.0799865722656,UNH
2025-09-29,345.17999267578125,UNH
2025-09-30,345.29998779296875,UNH
2025-10-01,348.29998779296875,UNH
2025-10-02,353.7200012207031,UNH
2025-10-03,360.20001220703125,UNH
2025-10-06,358.7699890136719,UNH
2025-10-07,363.6600036621094,UNH
2025-10-08,369.9200134277344,UNH
2025-10-09,367.69000244140625,UNH
2025-10-10,354.5,UNH
2025-10-13,358.6600036621094,UNH
2025-10-14,359.92999267578125,UNH
2025-10-15,361.1499938964844,UNH
2025-10-16,356.6700134277344,UNH
2025-10-17,356.6000061035156,UNH
2025-10-20,364.4800109863281,UNH
2025-10-21,365.3699951171875,UNH
2025-10-22,361.489990234375,UNH
2025-10-23,360.45001220703125,UNH
2025-10-24,362.5,UNH
2025-10-27,365.9800109863281,UNH
2025-10-28,367.8399963378906,UNH
2025-10-29,355.260009765625,UNH
2025-10-30,344.75,UNH
2025-10-31,341.55999755859375,UNH
2025-11-03,333.7900085449219,UNH
2025-11-04,330.8299865722656,UNH
2025-11-05,327.739990234375,UNH
2025-11-06,321.55999755859375,UNH
2025-11-07,324.2099914550781,UNH
2025-11-10,321.5799865722656,UNH
2025-11-11,327.45001220703125,UNH
2025-11-12,339.05999755859375,UNH
2025-11-13,332.5199890136719,UNH
2025-11-14,321.8599853515625,UNH
2025-11-17,320.5199890136719,UNH
2025-11-18,313.5799865722656,UNH
2025-11-19,309.0899963378906,UNH
2025-11-20,311.5400085449219,UNH
2025-11-21,319.9700012207031,UNH
2025-11-24,319.04998779296875,UNH
2025-11-25,326.2799987792969,UNH
2025-11-26,329.7099914550781,UNH
2025-11-28,329.7699890136719,UNH
2025-12-01,323.2099914550781,UNH
2025-12-02,324.5400085449219,UNH
2025-12-03,339.7099914550781,UNH
2025-12-04,333.489990234375,UNH
2025-12-05,330.9100036621094,UNH
2025-12-08,323.6199951171875,UNH
2025-12-09,323.6000061035156,UNH
2025-12-10,328.3699951171875,UNH
2025-12-11,336.7300109863281,UNH
2025-12-12,341.8399963378906,UNH
